Compound,Date,Negative,Neutral,Positive,Tweet Text,Tweets Ago,User
0.8625,Sat Mar 17 14:00:30 +0000 2018,0.0,0.699,0.301,??? George has autism and other health conditions - but his love of skiing is helping him take on the outside world. https://t.co/kfCzRzkcNY,0,@BBC
0.3628,Sat Mar 17 13:46:15 +0000 2018,0.073,0.784,0.143,"RT @5liveSport: 'My mates didn't know I was playing @realmadrid'

@ManUtd's @carras16 tells @ColinMurray his friends keep him grounded…

'A…",1,@BBC
0.4019,Sat Mar 17 13:00:08 +0000 2018,0.0,0.881,0.119,"Yes, Gary Oldman and @BBCEastEnders' Big Mo are brother and sister. 

But do you know these other celeb family ties… https://t.co/dtzMwD3nBB",2,@BBC
-0.7244,Sat Mar 17 12:39:41 +0000 2018,0.336,0.664,0.0,"RT @BBCOne: .@NiallOfficial won't let fame get to his head - Ireland won't allow it. 

Happy #StPatricksDay ? https://t.co/OrWR94HStF",3,@BBC
0.5106,Sat Mar 17 12:00:09 +0000 2018,0.112,0.643,0.245,??? This shop encourages you to bring your own container from home to save on single-use plastic waste. https://t.co/TdHJSycKtO,4,@BBC
0.8883,Sat Mar 17 11:30:09 +0000 2018,0.0,0.488,0.512,?? ? Celebrate #StPatricksDay in true Irish style with these delicious recipes! ?https://t.co/2MCMlz6K0B https://t.co/k18P3Syx2N,5,@BBC
0.6249,Sat Mar 17 11:03:05 +0000 2018,0.0,0.796,0.204,From scrambled eggs to chilli-spiced crisps: here are six great ways to cook with kale. ??https://t.co/lqKD1h83Iv https://t.co/yWESBJm62q,6,@BBC
0.6996,Sat Mar 17 10:14:25 +0000 2018,0.066,0.658,0.276,RT @BBCTwo: Happy #StPatricksDay! Check out what's lurking beneath the calm waters of Ireland's west coast... ??? https://t.co/6MQgyLTlIr,7,@BBC
0.0,Sat Mar 17 10:00:02 +0000 2018,0.0,1.0,0.0,"?? Did you know that bullfinches can learn to sing a tune by mimicking humans?

? Sound on for this one!  https://t.co/44OFulioZp",8,@BBC
-0.7717,Sat Mar 17 09:39:19 +0000 2018,0.251,0.749,0.0,"RT @BBCEngland: Stephen Hawking's PhD thesis has been viewed 250,000 times online since news of his death broke on Wednesday, the Universit…",9,@BBC
0.6369,Sat Mar 17 09:00:06 +0000 2018,0.0,0.714,0.286,"Ready to get active?
? Here are 5 ways you can get involved in #SportRelief2018. 
? https://t.co/wmKUWBDBjp https://t.co/xr7g5Hw4PK",10,@BBC
0.7783,Fri Mar 16 19:38:34 +0000 2018,0.0,0.726,0.274,"RT @BBCR1: This guy just raised over a million pounds for @sportrelief ??

Congratulations on completing a truly mammoth task @gregjames, w…",11,@BBC
0.4926,Fri Mar 16 18:31:01 +0000 2018,0.0,0.61,0.39,???? Keepy-uppy the good work! https://t.co/lFtKEBxjNJ,12,@BBC
0.5719,Fri Mar 16 17:00:25 +0000 2018,0.0,0.791,0.209,??? Bradley has never let Asperger's hold him back from doing what he loves. https://t.co/5JFvIXeDSZ,13,@BBC
0.0,Fri Mar 16 16:30:01 +0000 2018,0.0,1.0,0.0,"Running for the door on a Friday afternoon like...
#FridayFeeling https://t.co/optoQcK1TV",14,@BBC
0.0,Fri Mar 16 16:00:00 +0000 2018,0.0,1.0,0.0,??Jarvis Cocker describes the dream-like experience of visiting La Monte Young's Dreamhouse.… https://t.co/O9u7sPRL5m,15,@BBC
0.0,Fri Mar 16 14:25:15 +0000 2018,0.0,1.0,0.0,"RT @BBCR1: The gruelling task of climbing Ben Nevis in underway for @gregjames after cycling 180 miles in a day and a half!

Don't know abo…",16,@BBC
0.34,Fri Mar 16 14:00:13 +0000 2018,0.0,0.841,0.159,Prepare to get that warm fuzzy feeling - the man who photobombed his wife 11 years before he met her:… https://t.co/iZBJ8dEKhz,17,@BBC
0.6124,Fri Mar 16 12:59:01 +0000 2018,0.0,0.667,0.333,?? Why are soap bubbles such gorgeous colours? https://t.co/ppaXTcvWRZ,18,@BBC
0.3612,Fri Mar 16 12:38:40 +0000 2018,0.0,0.902,0.098,"RT @BBCNewsPR: Get ready to make the headlines. 

Try out our new BBC iReporter game, putting you in the heart of the newsroom #BBCSchoolRe…",19,@BBC
-0.6486,Fri Mar 16 12:00:04 +0000 2018,0.238,0.762,0.0,"? Fights, funerals, and giant furry heads... @BBCThree lifts the lid on the lives of English football's mascots
?… https://t.co/gEYxoetlah",20,@BBC
0.5574,Fri Mar 16 10:45:24 +0000 2018,0.0,0.841,0.159,"RT @BBCRadio2: It's with a heavy heart that today we announce, after 18 fantastic years, @realLynnBowles is leaving Radio 2. ?

@realkenbru…",21,@BBC
0.0,Fri Mar 16 10:02:00 +0000 2018,0.0,1.0,0.0,Are you getting enough sleep? This simple test will tell you... ??#WorldSleepDay https://t.co/SP28dsdLSf,22,@BBC
0.4939,Fri Mar 16 09:35:56 +0000 2018,0.0,0.814,0.186,"RT @bbcthree: the dancing in taylor swift's new video seems pretty familiar 

CC @ChrisLilley https://t.co/MfA9usnqSb",23,@BBC
0.6486,Fri Mar 16 09:35:50 +0000 2018,0.0,0.813,0.187,"RT @BBCEngland: Oscar-winning British short film The Silent Child is to be shown on BBC One on Good Friday, giving UK viewers the first cha…",24,@BBC
0.0,Fri Mar 16 09:35:47 +0000 2018,0.0,1.0,0.0,RT @BBCScotlandNews: Meet Chloe - the five-year-old girl changing perceptions of Down's syndrome https://t.co/UNylRgDoY0 https://t.co/4ZjpI…,25,@BBC
0.4939,Fri Mar 16 09:35:43 +0000 2018,0.0,0.802,0.198,"RT @BBCWales: ? Daffodils dance in the spring sunshine above Tenby harbour

? #Photooftheday » https://t.co/kNBVDzoYrZ https://t.co/OEQQWR7…",26,@BBC
0.4404,Fri Mar 16 09:00:03 +0000 2018,0.0,0.847,0.153,"? After having his leg amputated, @MarkSmithBB is now training to become the world's strongest disabled man. https://t.co/BXlGp09hya",27,@BBC
0.6115,Fri Mar 16 08:30:05 +0000 2018,0.0,0.84,0.16,"???
Take a look at some of the strangest, scariest and most wonderful plants on the planet, and find out what makes… https://t.co/AMFIAuRcxW",28,@BBC
-0.4019,Fri Mar 16 08:00:08 +0000 2018,0.172,0.828,0.0,??? Brace yourselves... a Chinese space station could be about to crash into earth. https://t.co/cPFxyUhRsq,29,@BBC
0.3327,Thu Mar 15 21:58:00 +0000 2018,0.0,0.809,0.191,Why were Ansel Adams photographs of America so important? #Civilisations https://t.co/8krOMxDz9C,30,@BBC
0.5574,Thu Mar 15 21:04:00 +0000 2018,0.108,0.613,0.278,"At a time in China when artists were persecuted, this painter secretly created beautiful landscapes. #Civilisations https://t.co/ApGgOkXX2w",31,@BBC
-0.3818,Thu Mar 15 19:30:04 +0000 2018,0.174,0.737,0.089,70% of children growing up in poverty in Scotland have a parent who is in work. https://t.co/NPY8FbCaf4,32,@BBC
-0.296,Thu Mar 15 18:30:06 +0000 2018,0.095,0.905,0.0,"No time in the mornings? 
?? Pop these in the fridge the night before to feed the family breakfast almost instantly… https://t.co/FtuewpoBva",33,@BBC
0.34,Thu Mar 15 17:30:05 +0000 2018,0.0,0.882,0.118,??? Meet the amazing 84-year-old who’s never had an art lesson but painted a life-size replica of a Canaletto maste… https://t.co/X39YxKuxKe,34,@BBC
0.5214,Thu Mar 15 13:52:24 +0000 2018,0.0,0.806,0.194,RT @BBCR1: .@CHVRCHES covering @The1975's 'Somebody Else' in the Live Lounge is so stunning ? https://t.co/djNHaPKlLi,35,@BBC
0.1901,Thu Mar 15 13:00:05 +0000 2018,0.0,0.821,0.179,"Tiny cookery. It's like regular cookery, but smaller. https://t.co/9Q0R2CiUVi",36,@BBC
0.0,Thu Mar 15 12:00:16 +0000 2018,0.0,1.0,0.0,"?? Stars of the silver screen all at sea. 
?? https://t.co/YJ7PzhblOE https://t.co/PnHxJNmeok",37,@BBC
-0.4767,Thu Mar 15 10:45:00 +0000 2018,0.134,0.866,0.0,"BBC Economics Editor @bbckamal travels back to his old school to talk about real news, and it’s opposite, fake news… https://t.co/CAKG8AbVn8",38,@BBC
-0.1779,Thu Mar 15 10:26:48 +0000 2018,0.132,0.766,0.102,RT @BBCr4today: Can you spot fake news? #BBCSchoolReport and John Humphrys are here to help... Play the game ? https://t.co/ulq1aviwP9 #r4t…,39,@BBC
0.0,Thu Mar 15 09:53:48 +0000 2018,0.0,1.0,0.0,"RT @BBCR1: The bike is back.
The lycra is BACK.

@GregJames' #Gregathlon for @SportRelief is back on the road to Ben Nevis! Today's challen…",40,@BBC
0.5411,Thu Mar 15 09:53:11 +0000 2018,0.0,0.868,0.132,RT @BBCSpringwatch: ?? This adorable little wood mouse hit the jackpot when it came across this larder of tasty hedgehog food! Watch how it…,41,@BBC
0.0,Thu Mar 15 09:50:25 +0000 2018,0.0,1.0,0.0,RT @BBCTwo: ? CONFIRMED: The final series of #Episodes starts Friday 30 March on @BBCTwo! @matt_leblanc @stephenmangan ?? https://t.co/PeBz…,42,@BBC
0.0,Thu Mar 15 09:00:08 +0000 2018,0.0,1.0,0.0,Meet the Maasai woman standing up to female genital mutilation. https://t.co/CWUQB81bUz,43,@BBC
0.0,Thu Mar 15 08:30:08 +0000 2018,0.0,1.0,0.0,"?? A farm dairy in south west Scotland believes it is leading the way for what it describes as 'ethical' cheese.
?… https://t.co/VyfVlaVR0u",44,@BBC
0.0,Thu Mar 15 08:00:04 +0000 2018,0.0,1.0,0.0,? When step-free access on London's Tube... isn't. https://t.co/62SPPru2ZP,45,@BBC
-0.6808,Wed Mar 14 21:14:04 +0000 2018,0.248,0.752,0.0,"No coffee after 2pm, no lie-ins and no phones in the bedroom...

One woman followed all the rules to find out what… https://t.co/EoQcnBXGQ4",46,@BBC
0.0,Wed Mar 14 20:00:03 +0000 2018,0.0,1.0,0.0,?? The sky's the limit! https://t.co/eQgP9MDBCj,47,@BBC
0.0,Wed Mar 14 19:10:00 +0000 2018,0.0,1.0,0.0,"“Remember to look up at the stars and not down at your feet.”

An extraordinary man whose work and legacy will live… https://t.co/iM2vDxd8ET",48,@BBC
-0.7964,Wed Mar 14 19:04:03 +0000 2018,0.351,0.649,0.0,Britain's most iconic dog is in crisis. Catherine Tate investigates the serious health problems affecting the Briti… https://t.co/pnTcQIQAi5,49,@BBC
0.0,Wed Mar 14 18:30:00 +0000 2018,0.0,1.0,0.0,"?? This is trippy. 

#TonesDronesAndArpeggios | Watch on @BBCiPlayer https://t.co/Ylvgi0X3XV",50,@BBC
0.0,Wed Mar 14 17:30:00 +0000 2018,0.0,1.0,0.0,Would you use a cup made of used chewing gum? https://t.co/3yFsUyeZAc,51,@BBC
0.8402,Wed Mar 14 16:43:32 +0000 2018,0.0,0.655,0.345,RT @BBCR1: Big thanks to #PiDay for giving us an excuse to re-share this video of Tom Hiddleston making it sound sexy ? https://t.co/1VZuCI…,52,@BBC
0.4019,Wed Mar 14 16:20:43 +0000 2018,0.0,0.876,0.124,"RT @BBCTwo: In a change to tonight’s schedule, we’ll now be showing a Horizon special from 1983 looking at Stephen Hawking's extraordinary…",53,@BBC
0.0,Wed Mar 14 14:38:04 +0000 2018,0.0,1.0,0.0,"?? From the behaviour of black holes to the origin of the universe, these are the discoveries that made Stephen Haw… https://t.co/Nep1Hu6Onj",54,@BBC
0.7783,Wed Mar 14 13:24:10 +0000 2018,0.0,0.726,0.274,"Broadcaster and comedian Jim Bowen, best known for hosting darts-based game show Bullseye in the 1980s and '90s, ha… https://t.co/4d3xxj5e3X",55,@BBC
0.6779,Wed Mar 14 13:00:06 +0000 2018,0.0,0.618,0.382,"Pi(?) = the most delicious number in the known universe. 
? #PiDay https://t.co/hjtJByH0XN",56,@BBC
0.561,Wed Mar 14 12:49:48 +0000 2018,0.0,0.826,0.174,"RT @BBCR1: ?? #Gregathlon is GO! ??

@GregJames is getting back on his bike to finish his HUGE challenge for @SportRelief. 

He starts his…",57,@BBC
0.6696,Wed Mar 14 12:17:18 +0000 2018,0.0,0.781,0.219,"RT @bbcgetinspired: ? DANCERS NEEDED! ?

Do you know a dancer who would love this? ?? #TuesdayThoughts #GetInspired @birminghamcg22 #Birmin…",58,@BBC
-0.802,Wed Mar 14 12:12:32 +0000 2018,0.231,0.769,0.0,RT @BBCFOUR: Ruth Ellis was only 28 when she became the last woman hanged to death in the UK – and it took place disturbingly recently. htt…,59,@BBC
0.3612,Wed Mar 14 12:03:05 +0000 2018,0.0,0.865,0.135,"? The Bard is credited with inventing several hundred English words. 

Test your knowledge of Bard-influenced corpo… https://t.co/V3IfPC0kDm",60,@BBC
0.8176,Wed Mar 14 11:59:37 +0000 2018,0.052,0.598,0.351,"RT @BBCRadio4: Here is a perfect example of Stephen Hawking's extraordinary ability to make serious science genuinely popular
A 90-second e…",61,@BBC
0.3612,Wed Mar 14 11:56:23 +0000 2018,0.0,0.828,0.172,"RT @bbcthree: ""Having vitiligo is like having something that nobody else has."" https://t.co/IG2a06mxGV",62,@BBC
0.8625,Wed Mar 14 11:56:14 +0000 2018,0.0,0.719,0.281,RT @bbcouch: George has autism and other health conditions - but his love of skiing is helping him take on the outside world ??? https://t.…,63,@BBC
0.0,Wed Mar 14 11:30:12 +0000 2018,0.0,1.0,0.0,"? Stephen Hawking: A life in pictures.
? ? https://t.co/0NOtTi7lyD https://t.co/Q1yeTunvnY",64,@BBC
0.0,Wed Mar 14 10:27:40 +0000 2018,0.0,1.0,0.0,"'You could ask my dad any question.'

In memory of Stephen Hawking, here's an earlier interview with his daughter L… https://t.co/6OQlwLfg2d",65,@BBC
0.0,Wed Mar 14 10:01:19 +0000 2018,0.0,1.0,0.0,RT @BBCArchive: Stephen Hawking first appeared on the BBC in the 1977 documentary The Key to the Universe: The Search for the Laws of Creat…,66,@BBC
0.5719,Wed Mar 14 09:00:05 +0000 2018,0.0,0.748,0.252,'I was homeless on these streets - I'm the perfect tour guide.' https://t.co/jxirkZzebu,67,@BBC
0.0,Wed Mar 14 08:35:41 +0000 2018,0.0,1.0,0.0,"Despite 8 million tonnes of plastic entering UK oceans each year, researchers can only account for where 1% of it e… https://t.co/qHNjcKK9Ap",68,@BBC
0.0,Wed Mar 14 07:07:28 +0000 2018,0.0,1.0,0.0,Stephen Hawking had once written that he had motor neurone disease for practically all his adult life but said that… https://t.co/6oyYB57iE6,69,@BBC
-0.5574,Wed Mar 14 07:03:36 +0000 2018,0.13,0.87,0.0,RT @BBCr4today: This morning: World renowned physicist Stephen Hawking has died at the age of 76. Here he is reading an extract from his 19…,70,@BBC
0.3612,Wed Mar 14 06:28:18 +0000 2018,0.116,0.683,0.201,"RT @BBCWorld: A brilliant mind,

wicked sense of humor

and a heart big enough to hold the universe. ??

Rest among the stars, Stephen Hawk…",71,@BBC
-0.5574,Wed Mar 14 06:21:50 +0000 2018,0.217,0.783,0.0,"? World renowned physicist Stephen Hawking has died at the age of 76.
https://t.co/WxYeUddUJB https://t.co/Sbl0zn1Dma",72,@BBC
0.0,Tue Mar 13 20:00:05 +0000 2018,0.0,1.0,0.0,"Wakanda has Black Panther. 

 Senegal has Sandale-man. https://t.co/T9JnB3pNeq",73,@BBC
0.0,Tue Mar 13 19:00:05 +0000 2018,0.0,1.0,0.0,? Charis is 19 years old and makes SWORDS for a living! https://t.co/kUUiAjIwNu,74,@BBC
0.0,Tue Mar 13 18:30:05 +0000 2018,0.0,1.0,0.0,"Microplastics are littering riverbeds across the UK, with hundreds of thousands of plastic particles per square met… https://t.co/cGhDdnQrTm",75,@BBC
0.6696,Tue Mar 13 17:30:06 +0000 2018,0.0,0.71,0.29,???? Ballet is STILL the love of Joyce's life at 98-years-old! https://t.co/nzr3Jy1wbS,76,@BBC
-0.296,Tue Mar 13 17:16:46 +0000 2018,0.087,0.913,0.0,"RT @bbcthree: ""No one needs airbags because you've got two"" 

.... and others things not to say to people who've had cosmetic procedures ht…",77,@BBC
0.3182,Tue Mar 13 17:13:13 +0000 2018,0.0,0.897,0.103,"RT @BBCR1: Now we have a trailer for #FantasticBeasts: The Crimes of Grindelwald, please can we take a moment to discuss Eddie Redmanyne's…",78,@BBC
-0.5255,Tue Mar 13 17:02:28 +0000 2018,0.188,0.72,0.092,"RT @bbcwritersroom: #Networking, a necessary evil - and why you've got to learn to embrace it! 

Check out @PhilipShelley1's latest blog fo…",79,@BBC
0.6808,Tue Mar 13 14:00:22 +0000 2018,0.054,0.702,0.244,"From making serious science genuinely popular to his sense of humour, here are seven reasons we ?? Stephen Hawking.… https://t.co/zWNEpoOttE",80,@BBC
0.4215,Tue Mar 13 13:00:08 +0000 2018,0.0,0.865,0.135,? This scheme to recycle unused paint has saved hundreds of tons of leftovers from ending up in landfill. https://t.co/Y6oau3hK0s,81,@BBC
0.0258,Tue Mar 13 12:26:59 +0000 2018,0.086,0.824,0.09,?? Fans of #KPop boyband #BigBang have been asked to stop sending fan mail to @IBGDRGN at the army base where he's… https://t.co/Swh0KwypL7,82,@BBC
0.0,Tue Mar 13 12:03:24 +0000 2018,0.0,1.0,0.0,"RT @bbcouch: During the Winter Olympics people across Britain were swept away by curling. And Aileen Neilson, captain of @ParalympicsGB’s c…",83,@BBC
0.25,Tue Mar 13 12:00:09 +0000 2018,0.0,0.9,0.1,"Shakespeare's plays are famous around the world, yet much about the playwright is still a mystery. 

Here's what we… https://t.co/McqCcs3mMj",84,@BBC
-0.431,Tue Mar 13 11:28:09 +0000 2018,0.192,0.808,0.0,"RT @bbcthree: ""Underwater you feel nothing. You're at peace with yourself.""  #perfectday2018 https://t.co/zHpEQSzk4H",85,@BBC
-0.4588,Tue Mar 13 11:26:58 +0000 2018,0.12,0.88,0.0,"RT @BBCiPlayer: Renowned shop owner and music producer, Blacker Dread, was amongst the first pioneers of sound system culture in the UK ??…",86,@BBC
0.0,Tue Mar 13 09:00:06 +0000 2018,0.0,1.0,0.0,"? Are we really born to prefer 'boys' or 'girls' toys? 

? The answer might lie with monkeys... https://t.co/oI014dsJHD",87,@BBC
0.6304,Tue Mar 13 08:30:07 +0000 2018,0.081,0.718,0.2,"? Accents can be subject to subtle forms of prejudice, but does that mean some are more appealing and trustworthy t… https://t.co/BgEMXgEzSr",88,@BBC
-0.0772,Tue Mar 13 08:00:03 +0000 2018,0.129,0.76,0.111,Marianne's search for her missing daughter could be straight out of the film #ThreeBillboards. https://t.co/dph6hhzlXi,89,@BBC
0.5515,Mon Mar 12 20:17:27 +0000 2018,0.0,0.771,0.229,"RT @BBCOne: ?? Edina, but kind of glad she's not our mum. https://t.co/lQINpsfQuA",90,@BBC
-0.7003,Mon Mar 12 20:16:22 +0000 2018,0.303,0.599,0.099,"RT @BBCnireland: Christopher suffered a severe, life-changing, brain injury. It changed his life and the life of his family. True North: My…",91,@BBC
0.2263,Mon Mar 12 19:23:01 +0000 2018,0.0,0.84,0.16,? These three women are leading the way in ocean exploration. https://t.co/qwkMRVMiNl,92,@BBC
0.2263,Mon Mar 12 18:30:06 +0000 2018,0.0,0.881,0.119,"?? A week’s worth of veggie dishes from @ChefTomKerridge, @NigelSlater, @Nigella_Lawson and The @HairyBikers.
?… https://t.co/VvTZRToT6L",93,@BBC
0.5859,Mon Mar 12 17:30:05 +0000 2018,0.0,0.84,0.16,"'There's nothing in the dictionary for that.'

??? The amazing moment eight London teens hear an opera singer in th… https://t.co/J448SabIeC",94,@BBC
0.0,Mon Mar 12 16:44:15 +0000 2018,0.0,1.0,0.0,"RT @BBCTwo: Meet Marshaal and Amal, two of just six women working at this hotel in Oman.

#AmazingHotels #IWD2018 https://t.co/5zdDAFBrZ9",95,@BBC
0.9022,Mon Mar 12 16:24:52 +0000 2018,0.0,0.643,0.357,"RT @BBCOne: To celebrate the life of the amazing Ken Dodd, tonight we will be showing:

22:45 - Arena: Ken Dodd's Happiness
23:45 - Talking…",96,@BBC
0.8429,Mon Mar 12 16:17:43 +0000 2018,0.0,0.702,0.298,RT @BBCnireland: AMAZING OPPORTUNITY: We're looking for female directors aged 18-30. Could you make a short film for BBC NI &amp; @bbcartsshow?…,97,@BBC
0.0,Mon Mar 12 16:07:16 +0000 2018,0.0,1.0,0.0,"? @Beyonce and Jay-Z are going on a joint tour called On The Run II, it has finally been confirmed. 
?… https://t.co/sG72fSqfRi",98,@BBC
-0.3612,Mon Mar 12 15:55:51 +0000 2018,0.116,0.884,0.0,"RT @BBCR1: ""Who is your least favourite Carpool Karaoke guest?""
 
@JKCorden always asks difficult questions... So @grimmers let celebs get…",99,@BBC
0.7096,Sat Mar 17 14:00:03 +0000 2018,0.0,0.753,0.247,Where better to spend #StPatricksDay than the place everybody knows your name? It’s just your luck that every singl… https://t.co/Fom5wmdENL,0,@CBS
0.296,Fri Mar 16 22:53:21 +0000 2018,0.0,0.896,0.104,Stars @JakeMcDorman and Nik Dodani will join the cast in the upcoming revival of Murphy Brown coming to CBS.… https://t.co/JCAx29lo0i,1,@CBS
0.0,Fri Mar 16 18:15:53 +0000 2018,0.0,1.0,0.0,"RT @thegoodfight: Go behind the scenes with costume designer @DanLawsonStyle in ""Behind The Style,"" a new weekly video series all about the…",2,@CBS
0.6514,Fri Mar 16 16:28:40 +0000 2018,0.0,0.822,0.178,The games have just begun! Continue to stream First Round games LIVE today with a FREE trial of CBS All Access:… https://t.co/YTGsJ48zYP,3,@CBS
0.7088,Thu Mar 15 17:54:06 +0000 2018,0.0,0.763,0.237,"RT @TheTalkCBS: You asked, we answered! The fun never ends when the ladies #KeepTalking and answer your fan questions ???? https://t.co/ie1…",4,@CBS
-0.4939,Thu Mar 15 17:20:26 +0000 2018,0.157,0.766,0.077,RT @instinctcbs: Dr. Dylan Reinhart is lured back into the field from his life of quiet academia when a certain serial killer makes things…,5,@CBS
0.6514,Thu Mar 15 16:42:41 +0000 2018,0.0,0.806,0.194,Stream First Round games LIVE today starting at 12PM ET with a FREE trial of CBS All Access! https://t.co/3P85rXLy4b https://t.co/vZow3YD8cb,6,@CBS
0.6115,Thu Mar 15 14:32:16 +0000 2018,0.0,0.734,0.266,RT @CBSSports: It's the most wonderful time of the year. #MarchMadness https://t.co/e4c9qohqSR,7,@CBS
0.6696,Wed Mar 14 19:30:01 +0000 2018,0.0,0.781,0.219,"Give these ladies some love! @Lauren_Alaina, @DBradbery, @carlypearce, and @RaeLynn are nominated for New Female Vo… https://t.co/IVhwURfJ3S",8,@CBS
0.3612,Tue Mar 13 18:48:52 +0000 2018,0.0,0.857,0.143,"RT @ManWithAPlan: Hungry for more #ManWithAPlan bloopers and behind-the-scenes videos featuring cast like @matt_leblanc, @thelizasnyder, @k…",9,@CBS
0.539,Tue Mar 13 14:15:10 +0000 2018,0.0,0.821,0.179,"Music stars @MileyCyrus, @edsheeran, @ladygaga, and more will honor the legendary @eltonofficial and his hit songs… https://t.co/UzxARCCLnI",10,@CBS
0.2244,Mon Mar 12 18:13:28 +0000 2018,0.0,0.917,0.083,RT @thegoodfight: The verdict is in. The new season of #TheGoodFight is ???! Stream it now on CBS All Access: https://t.co/FkYSNSXlRb https…,11,@CBS
0.0,Mon Mar 12 01:20:43 +0000 2018,0.0,1.0,0.0,"RT @MadamSecretary: In less than an hour, #MadamSecretary's Keith Carradine will be taking over the @MadamSecretary Twitter page! Tweet alo…",12,@CBS
0.4926,Fri Mar 09 22:48:26 +0000 2018,0.0,0.883,0.117,RT @DierksBentley: Take and post a photo of the woman in your life who inspires you daily! Use the hashtag #WomanAmenACM in your post for a…,13,@CBS
0.1275,Fri Mar 09 22:24:20 +0000 2018,0.092,0.795,0.113,"RT @MomCBS: If you missed guest star @KChenoweth in the latest episode of #Mom, not to worry! Watch now: https://t.co/RlvXoGOZ0l https://t.…",14,@CBS
0.4215,Fri Mar 09 21:10:21 +0000 2018,0.0,0.823,0.177,"Give a round of applause to @KelseaBallerini, @MirandaLambert, @Reba, @MarenMorris, and @CarrieUnderwood, the five… https://t.co/Ncp1BTXx6N",15,@CBS
0.8658,Fri Mar 09 18:27:28 +0000 2018,0.0,0.553,0.447,"RT @thegoodfight: Smart, sexy, and sophisticated. See what's coming this season on #TheGoodFight. https://t.co/CuKhx2G50P https://t.co/ygTI…",16,@CBS
0.0,Fri Mar 09 16:02:27 +0000 2018,0.0,1.0,0.0,RT @BlueBloods_CBS: Even stand-up guys fall down sometimes. #BlueBloods is new tonight at 10/9c! https://t.co/UOlDm22wWW,17,@CBS
0.8625,Thu Mar 08 18:00:49 +0000 2018,0.0,0.664,0.336,Today and every day we celebrate the women in our lives who empower and inspire us. Share a story about an influent… https://t.co/9rVtqrElvT,18,@CBS
0.4926,Thu Mar 08 17:03:04 +0000 2018,0.0,0.868,0.132,Take and post a photo of the woman in your life who inspires you daily! Use the hashtag #WomanAmenACM in your post… https://t.co/7ShhvE48zy,19,@CBS
-0.2023,Wed Mar 07 18:39:10 +0000 2018,0.23,0.619,0.15,"RT @thegoodfight: Meticulously constructed. Soapy &amp; sexy. Intoxicating, savage television. ? Here's what critics are saying about #TheGoodF…",20,@CBS
0.0,Wed Mar 07 17:06:02 +0000 2018,0.0,1.0,0.0,"This just in! @Jason_Aldean, @mirandalambert, @LukeBryanOnline, and many more are set to perform at the 53rd Academ… https://t.co/mfxw2VxzU4",21,@CBS
0.6705,Tue Mar 06 18:10:59 +0000 2018,0.0,0.756,0.244,"Meet the ensemble of talented actors slated to join $1, a new mystery series coming to CBS All Access:… https://t.co/QoyYv7vxwg",22,@CBS
0.3818,Mon Mar 05 22:16:43 +0000 2018,0.0,0.833,0.167,"Will @Jason_Aldean, @garthbrooks, @LukeBryanOnline, @ChrisStapleton, or @KeithUrban be named Entertainer Of The Yea… https://t.co/rMD8zjeX3s",23,@CBS
0.4404,Sun Mar 04 08:05:26 +0000 2018,0.0,0.884,0.116,"RT @thegoodfight: It feels good to be back. ??? The season 2 premiere of #TheGoodFight is now streaming, exclusively on CBS All Access: htt…",24,@CBS
0.0,Sat Mar 03 20:55:20 +0000 2018,0.0,1.0,0.0,"RT @thegoodfight: Tomorrow, #TheGoodFight is back. Stream the season 2 premiere only on CBS All Access: https://t.co/tNFR8LBJO2 https://t.c…",25,@CBS
0.7096,Fri Mar 02 22:30:01 +0000 2018,0.0,0.753,0.247,"Who are the trailblazing women in your life that inspire you? Join CBS and the ANA's #SeeHer initiative, celebratin… https://t.co/M0KqZ41Bes",26,@CBS
0.7096,Fri Mar 02 20:30:01 +0000 2018,0.0,0.718,0.282,"Join @maria_bello, @aishatyler and @TeaLeoni in celebrating the accomplishments of women who have contributed to th… https://t.co/MefESBeFL3",27,@CBS
0.4939,Fri Mar 02 18:45:00 +0000 2018,0.0,0.849,0.151,"In honor of Women's History Month, CBS and the Association of National Advertisers' (ANA) #SeeHer initiative will p… https://t.co/2wtYxKJVuO",28,@CBS
-0.6981,Thu Mar 01 18:59:01 +0000 2018,0.21,0.79,0.0,RT @ZoeListerJones: Tonight’s an all new Life In Pieces and it’s directed by my ride or die @nataliaanderson!!!… https://t.co/2LPfmyLWrY,29,@CBS
0.4547,Thu Mar 01 18:12:57 +0000 2018,0.092,0.749,0.159,"RT @MarenMorris: Hot damn! Woke up from my post-wisdom teeth haze to find out I’m up for 4 @ACMawards ! So honored, especially for the Dear…",30,@CBS
0.8591,Thu Mar 01 18:11:50 +0000 2018,0.0,0.462,0.538,RT @KelseaBallerini: Ohhhhh goodness. Incredible. Thank you thank you thank you. #female https://t.co/1ZTYjNfQeF,31,@CBS
0.4885,Thu Mar 01 18:10:50 +0000 2018,0.151,0.615,0.234,RT @KeithUrban: ACMs...... HOLY SMOKES!!!!! MAD LOVE TO U ALL THIS MORNING  FOR THESE INCREDIBLE NOMINATIONS. I’M EXTREMELY GRATEFUL!!!!!!!…,32,@CBS
0.5994,Thu Mar 01 14:36:21 +0000 2018,0.0,0.822,0.178,"RT @ACMawards: Congratulations to this year’s #ACMawards Video of the Year nominees:
“Black” - @DierksBentley
“It Ain’t My Fault” - @Brothe…",33,@CBS
0.7717,Thu Mar 01 14:29:20 +0000 2018,0.0,0.675,0.325,"RT @ACMawards: Please give a round of applause to this year’s #ACMawards Entertainer of the Year nominees: @Jason_Aldean, @GarthBrooks, @Lu…",34,@CBS
0.6908,Thu Mar 01 14:15:29 +0000 2018,0.0,0.725,0.275,".@ChrisStapleton, @ThomasRhett, @mirandalambert and more are all nominated for awards at Country Music's Party of t… https://t.co/Vm1vXRUDYJ",35,@CBS
0.0,Thu Mar 01 13:50:11 +0000 2018,0.0,1.0,0.0,"The Queen of Country, @Reba, is returning to host the 53rd #ACMawards on Sunday, April 15 at 8/7c. Here are a few o… https://t.co/Iqzz6Gql01",36,@CBS
0.0,Thu Mar 01 01:04:52 +0000 2018,0.0,1.0,0.0,RT @survivorcbs: It’s time! #Survivor https://t.co/YPk6cGWrUA,37,@CBS
0.0,Wed Feb 28 19:56:58 +0000 2018,0.0,1.0,0.0,"RT @CBSThisMorning: TOMORROW: The nominees for the 2018 @ACMawards will be announced live by the one-and-only, @Reba! 

Watch on @CBS in ou…",38,@CBS
0.4404,Wed Feb 28 19:08:30 +0000 2018,0.0,0.884,0.116,"RT @thegoodfight: From the set design and costumes to hair and makeup, the production quality is truly next-level. Take a peek inside the u…",39,@CBS
0.5562,Tue Feb 27 03:23:47 +0000 2018,0.0,0.848,0.152,RT @LivinBiblically: The fun continues on Facebook! The #LivingBiblically cast is live to talk about tonight’s premiere. Tune in here: http…,40,@CBS
0.0,Mon Feb 26 22:50:32 +0000 2018,0.0,1.0,0.0,"RT @KevinCanWaitCBS: Can you get all the way through these #KevinCanWait bloopers without laughing?! @KevinJames,@LeahRemini and the rest o…",41,@CBS
0.0,Mon Feb 26 21:08:30 +0000 2018,0.0,1.0,0.0,"RT @ACMawards: That’s right! @Reba is headed to @CBSThisMorning on Thursday, March 1 to announce this year’s #ACMAwards' nominees. Tune in…",42,@CBS
0.4482,Mon Feb 26 19:53:41 +0000 2018,0.0,0.895,0.105,"RT @ScorpionCBS: You can't hack your way to a 197 IQ, but you are well on your way with these Genius Facts from #TeamScorpion! ? You can be…",43,@CBS
0.784,Mon Feb 26 18:32:36 +0000 2018,0.0,0.734,0.266,RT @SuperiorDonuts: You can always count on @DavidKoechner for a laugh! Did your favorite Tush moment make the list? Catch a new #SuperiorD…,44,@CBS
0.9359,Mon Feb 26 18:20:16 +0000 2018,0.0,0.571,0.429,RT @TheTalkCBS: TODAY: We loved them together then &amp; we love seeing them together now! Welcome back to the show @THESaraGilbert?'s good fri…,45,@CBS
-0.5423,Mon Feb 26 16:53:56 +0000 2018,0.184,0.816,0.0,"RT @thegoodfight: As foundations begin to crumble, our characters struggle to make sense of this new dystopian world. The cast teases what'…",46,@CBS
0.0,Mon Feb 26 16:52:01 +0000 2018,0.0,1.0,0.0,"#LivingBiblically's @linzkraft and @jrfergjr appeared on @KCBS's Facebook Live this morning, talking all about what… https://t.co/4RebcHuuMQ",47,@CBS
0.0,Mon Feb 26 16:17:55 +0000 2018,0.0,1.0,0.0,"RT @CBSSports: Introducing CBS Sports HQ, a New 24/7 Direct-to-Consumer Streaming Network for Sports News, Highlights, &amp; Analysis.

Stream…",48,@CBS
0.7644,Mon Feb 26 01:12:32 +0000 2018,0.0,0.769,0.231,"RT @CBSBigBrother: It’s down to the final 5 celebrity Houseguests, and anyone could take home the grand prize! Tune in NOW to watch the #BB…",49,@CBS
0.0,Sun Feb 25 21:51:32 +0000 2018,0.0,1.0,0.0,RT @startrekcbs: Binge the entire first season of #StarTrekDiscovery. All episodes now streaming exclusively on CBS All Access: https://t.c…,50,@CBS
0.0,Sun Feb 25 21:51:22 +0000 2018,0.0,1.0,0.0,"RT @thegoodfight: #TheGoodFight returns in 1 week. Season 2 premieres Sunday, March 4. https://t.co/nomCao1GWp https://t.co/BOn6bOe9Tb",51,@CBS
0.5093,Fri Feb 23 18:15:40 +0000 2018,0.0,0.845,0.155,RT @thegoodfight: This is our new favorite thing. Christine Baranski debuted #TheGoodFight the Musical on @colbertlateshow last night! ??…,52,@CBS
0.0,Thu Feb 22 19:26:52 +0000 2018,0.0,1.0,0.0,"RT @LivinBiblically: Confession time: have YOU ever hit the ""close door"" button in an elevator while somebody was approaching? The cast of…",53,@CBS
0.0,Wed Feb 21 19:20:04 +0000 2018,0.0,1.0,0.0,RT @CBSEyeSpeak: Mark your calendars! #CBSEyeSpeak kicks off March 14 with The EYE Speak Summit. Follow our page for more details! https://…,54,@CBS
0.6808,Wed Feb 21 18:19:25 +0000 2018,0.0,0.752,0.248,"RT @CBSEyeSpeak: Proud to announce a new CBS initiative, promoting female empowerment and developing the next generation of leaders through…",55,@CBS
0.4404,Tue Feb 20 19:55:19 +0000 2018,0.0,0.884,0.116,"RT @LivinBiblically: When you're living by the Bible, it's good to have a priest and a rabbi on call (provided they answer their phones, th…",56,@CBS
-0.4019,Tue Feb 20 17:58:18 +0000 2018,0.119,0.881,0.0,"RT @thegoodfight: Chicago lawyers are being hunted and the world is going insane. 

The new season of #TheGoodFight premieres Sunday, March…",57,@CBS
0.3612,Tue Feb 20 17:39:51 +0000 2018,0.0,0.872,0.128,Ready for some larger than life competition? This new series from @MarkBurnettTV will premiere in summer 2018.… https://t.co/gDXHLdIJ5v,58,@CBS
0.6124,Sat Feb 17 01:07:20 +0000 2018,0.0,0.773,0.227,"With tournament dreams on the line, make sure to stream these college basketball matchups on CBS All Access:… https://t.co/SGkYUZrQWB",59,@CBS
0.3182,Fri Feb 16 18:42:43 +0000 2018,0.0,0.892,0.108,"RT @LivinBiblically: While Chip's sticking to the Bible's original rules, the cast of #LivingBiblically has given them a more modern makeov…",60,@CBS
0.68,Fri Feb 16 17:48:20 +0000 2018,0.0,0.752,0.248,"Casting News! Peter Mark Kendall, Michael Gaston, Greg Wise, Rade Šerbedžija, Zack Pearlman, and Keye Chen join the… https://t.co/GFob2KrD8H",61,@CBS
0.8619,Wed Feb 14 19:23:27 +0000 2018,0.0,0.534,0.466,RT @BullCBS: The verdict is in...#Bull is the perfect Valentine! ?? Happy #ValentinesDay! https://t.co/poEejI4AnC,62,@CBS
0.0,Tue Feb 13 20:03:56 +0000 2018,0.0,1.0,0.0,"RT @NoActivityCBS: Car 27 reporting: Season 2 of #NoActivity coming soon!

Binge season one now on CBS All Access: https://t.co/yvxoQMeyhN…",63,@CBS
0.7506,Tue Feb 13 18:54:52 +0000 2018,0.0,0.748,0.252,"RT @LivinBiblically: Against all odds (and the advice of his God Squad), Chip is determined to live life by the Good Book. Think you could…",64,@CBS
0.0,Mon Feb 12 18:49:45 +0000 2018,0.0,1.0,0.0,RT @thegoodfight: Christine Baranski reflects upon the spectacular metamorphosis of her character in #TheGoodFight's first season. Revisit…,65,@CBS
0.0,Mon Feb 12 01:32:33 +0000 2018,0.0,1.0,0.0,RT @startrekcbs: Binge the entire first season of #StarTrekDiscovery. All 15 episodes now streaming on CBS All Access: https://t.co/lKLaptP…,66,@CBS
0.8478,Fri Feb 09 00:50:01 +0000 2018,0.0,0.696,0.304,RT @SuperiorDonuts: Looking for a #Valentine? Tush is here to help you land your dream date just in time for the day of love! #SuperiorDonu…,67,@CBS
-0.5859,Thu Feb 08 16:09:35 +0000 2018,0.186,0.814,0.0,RT @CBSBigBrother: The pressure is on as the Houseguests battle each other for victory in the first HOH competition. Stream the season prem…,68,@CBS
0.0516,Wed Feb 07 18:35:19 +0000 2018,0.0,0.934,0.066,"RT @startrekcbs: Sunday, this season's epic journey reaches its final reckoning. Catch up before the season finale: https://t.co/4Ea5wpmAep…",69,@CBS
0.5574,Wed Feb 07 16:17:48 +0000 2018,0.152,0.536,0.312,"Are you a sucker for jaw-dropping talent competitions? Announcing The World's Best, a first-of-its-kind new global… https://t.co/fagCMklm2Z",70,@CBS
0.0,Tue Feb 06 22:21:39 +0000 2018,0.0,1.0,0.0,"RT @BullCBS: Tonight, one of these 3 TAC employees will end up incarcerated. Who do you think it will be? Tune into a new episode of #Bull…",71,@CBS
0.0772,Tue Feb 06 17:05:49 +0000 2018,0.106,0.773,0.121,"RT @thegoodfight: There's no season like lawyer season. #TheGoodFight returns March 4, exclusively on CBS All Access. https://t.co/XAlrg1nB…",72,@CBS
0.0,Sun Feb 04 15:35:36 +0000 2018,0.0,1.0,0.0,"RT @thegoodfight: The acclaimed series returns in 1 month. #TheGoodFight is back Sunday, March 4. https://t.co/5BNLTYRd8p https://t.co/yInP…",73,@CBS
0.1531,Sun Feb 04 12:00:01 +0000 2018,0.0,0.882,0.118,".@KeshaRose's emotional performance with @CyndiLauper, @AndraDayMusic, @BebeRexha and @Camila_Cabello brought the a… https://t.co/qpgS2e9ir0",74,@CBS
0.0,Sat Feb 03 23:11:43 +0000 2018,0.0,1.0,0.0,Broadway legend Patti LuPone paid tribute to Sir Andrew Lloyd Webber with a show-stopping rendition of the iconic s… https://t.co/GxqLtUzhFP,75,@CBS
0.8268,Sat Feb 03 12:00:07 +0000 2018,0.0,0.662,0.338,"Relive an entire night's worth of big wins, live performances and many more inspiring moments from The 60th Annual… https://t.co/CH7mJ4Y3QT",76,@CBS
-0.0772,Fri Feb 02 22:36:13 +0000 2018,0.075,0.925,0.0,RT @swatcbs: ?@TheTalkCBS' @TheRealEve and @ShemarMoore brought some serious heat to the GRAMMYs red carpet: https://t.co/WYTITKkLQd https:…,77,@CBS
0.4019,Fri Feb 02 20:07:40 +0000 2018,0.0,0.856,0.144,"The all-star collaboration between @Rihanna, @DJKhaled and @brysontiller brought the party to the #GRAMMYs with a s… https://t.co/jTv5QbtgUp",78,@CBS
0.4003,Fri Feb 02 19:03:33 +0000 2018,0.0,0.876,0.124,RT @TheTalkCBS: All the #redcarpet looks from the 60th annual #GRAMMYs! Did you catch @TheRealEve's sparkly two-piece suit? Diamond accents…,79,@CBS
0.6114,Fri Feb 02 17:23:18 +0000 2018,0.0,0.834,0.166,Go backstage with the celebs and see which stars celebrated the big night together! Here are the moments you missed… https://t.co/rgQTXRQyLg,80,@CBS
0.0,Thu Feb 01 22:04:41 +0000 2018,0.0,1.0,0.0,? @DearEvanHansen star Ben Platt gave a soaring performance of a classic Broadway hit. Watch him perform 'Somewhere… https://t.co/HcuizFWo02,81,@CBS
0.0,Thu Feb 01 20:09:49 +0000 2018,0.0,1.0,0.0,"? @LittleBigTown, @U2, @BrunoMars and @Pink are just a few of the superstar performers that lit up the stage at The… https://t.co/2v0MNYMItG",82,@CBS
0.1139,Wed Jan 31 21:42:15 +0000 2018,0.0,0.912,0.088,"Don't miss country stars Emmylou Harris and @ChrisStapleton perform a moving rendition of @TomPetty's classic song,… https://t.co/GxoIW97XIu",83,@CBS
0.1007,Wed Jan 31 17:05:47 +0000 2018,0.115,0.75,0.135,RT @survivorcbs: Get excited! ? It’s finally time to meet the castaways of #Survivor: Ghost Island ? https://t.co/xQQ8ROhKbM https://t.co/P…,84,@CBS
0.4588,Wed Jan 31 16:37:17 +0000 2018,0.0,0.812,0.188,"Country stars @EricChurch, @BrothersOsborne and @MarenMorris performed a touching tribute dedicated to the victims… https://t.co/YCIq9i70fd",85,@CBS
0.1779,Wed Jan 31 06:55:30 +0000 2018,0.095,0.779,0.126,Missed the Man vs. Beast #SuperBowlCommercials showdown? Catch up now to find out which entertaining ad was named t… https://t.co/SlyO0n7yMX,86,@CBS
-0.2263,Wed Jan 31 02:15:16 +0000 2018,0.252,0.569,0.179,"RT @rikimae: Ok, that one makes me cry #superbowlcommercials",87,@CBS
-0.4767,Wed Jan 31 01:58:40 +0000 2018,0.256,0.744,0.0,"If this doesn’t make you cry, nothing will. #SuperBowlCommercials https://t.co/UjFf3xr4so",88,@CBS
0.4939,Wed Jan 31 01:52:46 +0000 2018,0.119,0.625,0.256,"RT @maverickkr: #superbowlcommercials the frogs were great, I'd forgotten about that one.",89,@CBS
0.5093,Wed Jan 31 01:49:43 +0000 2018,0.0,0.81,0.19,"If you haven't voted yet, it's not too late! Choose your favorite here: https://t.co/s4pEIF5IX8… https://t.co/VCa1YHDyYy",90,@CBS
0.8261,Wed Jan 31 01:31:27 +0000 2018,0.0,0.566,0.434,RT @5691e44f3b66446: I am having so much fun ...the commercials are awesome #superbowlcommercials,91,@CBS
0.8309,Wed Jan 31 01:29:10 +0000 2018,0.0,0.586,0.414,RT @LittleShelbyMae: Love watching the #superbowlcommercials all the animal ones are my favorite!!,92,@CBS
0.6588,Wed Jan 31 01:24:16 +0000 2018,0.0,0.614,0.386,RT @PatHale915: Doritos time machine was great!   #superbowlcommercials,93,@CBS
-0.5106,Wed Jan 31 01:18:37 +0000 2018,0.398,0.602,0.0,Never make a goat angry. #SuperBowlCommercials https://t.co/xRJssdAErk,94,@CBS
0.0,Wed Jan 31 01:17:37 +0000 2018,0.0,1.0,0.0,RT @MsLindsieStarr: That dang goat! #Doritos #superbowlcommercials,95,@CBS
0.7525,Wed Jan 31 01:16:15 +0000 2018,0.0,0.651,0.349,Do you remember this Super Bowl commercial featuring @KevinHart4real playing an overprotective father?… https://t.co/ejLnTEG5ug,96,@CBS
0.0,Wed Jan 31 01:08:01 +0000 2018,0.0,1.0,0.0,RT @dRoy: Homework will take a break for now. #superbowlcommercials on cbs is on ?,97,@CBS
0.8516,Wed Jan 31 01:04:34 +0000 2018,0.0,0.42,0.58,RT @Mixxxalv: Watching #superbowlcommercials let the best win!,98,@CBS
0.8442,Wed Jan 31 01:00:35 +0000 2018,0.0,0.649,0.351,Super Bowl Greatest Commercials 2018 hosts @7BOOMERESIASON and @DanielaRuah are moments away from announcing the tw… https://t.co/cKM1WXPc9u,99,@CBS
0.2187,Sat Mar 17 14:01:06 +0000 2018,0.095,0.774,0.13,"66% of Millennials have nothing saved for retirement, a new report shows. Of those who do save, most have less than… https://t.co/NgPB2avam1",0,@CNN
0.7184,Sat Mar 17 14:01:00 +0000 2018,0.077,0.662,0.261,"This Waffle House waitress took time to cut an elderly customer's ham, and the kind act won her a college scholarsh… https://t.co/VhPkQMKVRe",1,@CNN
-0.2023,Sat Mar 17 13:31:00 +0000 2018,0.168,0.701,0.131,"Construction of Disney's much-anticipated Star Wars attractions is underway. The lands called ""Galaxy's Edge"" are s… https://t.co/87H3x3Rv8p",2,@CNN
-0.5574,Sat Mar 17 13:17:14 +0000 2018,0.217,0.783,0.0,Former FBI Deputy Director Andrew McCabe is fired -- and fires back https://t.co/bXNJiUOiaR https://t.co/pvcp15wcxx,3,@CNN
-0.4767,Sat Mar 17 13:00:12 +0000 2018,0.134,0.866,0.0,Two Arizona women have been arrested after they went to a mosque and unleashed an anti-Muslim tirade in front of ch… https://t.co/H5LpzxhIWe,4,@CNN
0.0,Sat Mar 17 12:31:00 +0000 2018,0.0,1.0,0.0,"""I don't wanna grow up, I'm a Toys 'R' Us kid,"" the iconic jingle says. After 70 years in business, Toys ""R"" Us wil… https://t.co/sOqfaYjE0P",5,@CNN
0.0,Sat Mar 17 12:01:00 +0000 2018,0.0,1.0,0.0,"Every year on St. Patrick's Day, the world suddenly looks a little more green. Here are some of the landmarks that… https://t.co/D1FJu2ftYM",6,@CNN
-0.2732,Sat Mar 17 11:31:06 +0000 2018,0.084,0.916,0.0,About half of all plants and animals in 35 of the world's most biodiverse places are at risk of extinction due to c… https://t.co/0qipxbC6DF,7,@CNN
0.0,Sat Mar 17 11:01:00 +0000 2018,0.0,1.0,0.0,This South Korean barista transforms regular cups of coffee into incredible works of art: https://t.co/PmTG6N72uy… https://t.co/W1cxH2oSCP,8,@CNN
0.4215,Sat Mar 17 10:31:08 +0000 2018,0.0,0.851,0.149,Stephen Hawking overcame a debilitating disease to publish wildly popular books probing the mysteries of the univer… https://t.co/d4O70DfAzN,9,@CNN
0.4019,Sat Mar 17 10:01:36 +0000 2018,0.0,0.876,0.124,"This high school in Anchorage, Alaska, is using the sound of real gunfire to prepare students for active shooters… https://t.co/PLXV5gaww1",10,@CNN
0.0,Sat Mar 17 09:31:00 +0000 2018,0.0,1.0,0.0,"You've heard of the big names, but some of the flashiest, most exotic vehicles at the 2018 Geneva Motor Show came f… https://t.co/fNQFs1LQq6",11,@CNN
-0.3818,Sat Mar 17 09:22:07 +0000 2018,0.12,0.88,0.0,"Russia expels 23 British diplomats in response to the UK's expulsion of Russian envoys, as fallout over a nerve age… https://t.co/eegUR0V7kE",12,@CNN
0.0,Sat Mar 17 09:01:03 +0000 2018,0.0,1.0,0.0,"7% of astronaut Scott Kelly's genes did not return to normal after his return to Earth two years ago, according to… https://t.co/RJpy8zDZk7",13,@CNN
0.2732,Sat Mar 17 08:31:06 +0000 2018,0.0,0.905,0.095,"""People who boast about their IQ are losers.""

As well as being one of the world's most renowned scientists, Stephe… https://t.co/r1EJ98XWa9",14,@CNN
-0.25,Sat Mar 17 08:01:03 +0000 2018,0.125,0.875,0.0,"White supremacists are using banners to get their messages across, the ADL says https://t.co/pZA6tj3bnO https://t.co/Gtkmboz4C3",15,@CNN
-0.5574,Sat Mar 17 07:31:08 +0000 2018,0.217,0.783,0.0,Former FBI Deputy Director Andrew McCabe is fired -- and fires back https://t.co/wGZGWJFC6M https://t.co/5swBuTRtHs,16,@CNN
0.296,Sat Mar 17 07:16:04 +0000 2018,0.0,0.885,0.115,"A majority of the US should expect warmer than average temperatures this spring, especially across the Southwest an… https://t.co/EHuPvhzm3w",17,@CNN
-0.0258,Sat Mar 17 07:15:08 +0000 2018,0.099,0.807,0.094,A surprising resignation made Pope Francis head of the Catholic church. But what happens when two men claim one div… https://t.co/PBZu74KXJA,18,@CNN
-0.7592,Sat Mar 17 07:01:01 +0000 2018,0.329,0.577,0.094,It wasn't Amazon and the growth of online shopping that killed Toys R Us. It was an unpleasant shopping experience… https://t.co/peu4MPp0Yz,19,@CNN
0.5709,Sat Mar 17 06:46:00 +0000 2018,0.0,0.85,0.15,Longjing tea is a specialty in Hangzhou and considered one of the most prized tea leaves in China. The quality of t… https://t.co/6OFwniGn03,20,@CNN
0.0,Sat Mar 17 06:31:04 +0000 2018,0.0,1.0,0.0,"It's been almost six months since Hurricane Maria, and Puerto Ricans are still dying https://t.co/oeclE6NEQF https://t.co/UGuBLj6oCv",21,@CNN
0.0,Sat Mar 17 06:16:00 +0000 2018,0.0,1.0,0.0,"Google cofounder Larry Page's flying taxi takes to the skies in New Zealand, billed as a self-piloting, zero-emissi… https://t.co/q0f5DUxida",22,@CNN
-0.2263,Sat Mar 17 06:01:06 +0000 2018,0.102,0.837,0.06,"There have been a number of deadly bridge collapses in the US through the years, some due to structural deficiencie… https://t.co/hKWZBHWYRd",23,@CNN
0.5318,Sat Mar 17 05:46:00 +0000 2018,0.0,0.826,0.174,"Munich, Germany, is a long way from the ocean and it's pretty darn cold this time of year, but that doesn't stop so… https://t.co/YrRCxXcftC",24,@CNN
-0.6486,Sat Mar 17 05:31:05 +0000 2018,0.218,0.782,0.0,Snapchat lost $800 million after Rihanna tore into the company for allowing an offensive ad to appear on its app… https://t.co/TCRuoH03Ud,25,@CNN
0.0,Sat Mar 17 05:01:03 +0000 2018,0.0,1.0,0.0,Juul e-cigarettes are high-nicotine devices that closely resemble flash drives. They've become a sensation among te… https://t.co/Vbf0NrXyBe,26,@CNN
-0.743,Sat Mar 17 04:46:05 +0000 2018,0.27,0.73,0.0,"Former FBI deputy director Andrew McCabe described his firing Friday as part of President Trump's ""ongoing war"" wit… https://t.co/qnlaGSqDWn",27,@CNN
-0.7783,Sat Mar 17 04:39:46 +0000 2018,0.298,0.702,0.0,Two women were arrested after allegedly stealing items from a mosque and broadcasting the whole episode on Facebook… https://t.co/MCyYx5s9Vw,28,@CNN
-0.34,Sat Mar 17 04:27:51 +0000 2018,0.167,0.833,0.0,Read former FBI Deputy Director Andrew McCabe's statement on his firing https://t.co/3irOHi6a8I https://t.co/iisyQRWj4g,29,@CNN
0.6597,Sat Mar 17 04:16:06 +0000 2018,0.0,0.671,0.329,Pennsylvania's Republican Party is asking for an investigation into Tuesday's special election… https://t.co/3MrCFJqAkS,30,@CNN
0.0,Sat Mar 17 04:01:04 +0000 2018,0.0,1.0,0.0,President Trump settles in as producer in chief https://t.co/LmiUHn9iYb https://t.co/KT1cf2uxgA,31,@CNN
-0.3182,Sat Mar 17 03:56:53 +0000 2018,0.119,0.881,0.0,"Virginia loses in NCAA basketball tournament to the University of Maryland, Baltimore County, the first time a No.… https://t.co/QrTCsfNQEs",32,@CNN
-0.4215,Sat Mar 17 03:48:57 +0000 2018,0.214,0.685,0.101,"Rep. Eric Swalwell on McCabe's firing: ""To me, being a former prosecutor, it looks like they're trying to dirty him… https://t.co/iKwr9DM1Ua",33,@CNN
-0.2023,Sat Mar 17 03:46:49 +0000 2018,0.087,0.913,0.0,"Rep. Eric Swalwell says the termination of former Deputy Director Andrew McCabe is a ""petty act"" and intended to ""s… https://t.co/0f8hudMESN",34,@CNN
0.296,Sat Mar 17 03:45:18 +0000 2018,0.102,0.748,0.15,Did JFK win by losing in 1956? See how his DNC speech made him a star on #TheKennedys Sunday at 9p. https://t.co/Xo4AK8qk9v,35,@CNN
-0.2023,Sat Mar 17 03:33:16 +0000 2018,0.079,0.921,0.0,"RT @CNNTonight: Rep. Eric Swalwell says the termination of former Deputy Director Andrew McCabe is a ""petty act"" and ""sends a message to an…",36,@CNN
-0.34,Sat Mar 17 03:27:10 +0000 2018,0.118,0.882,0.0,Former Nixon White House counsel John Dean on Attorney General Jeff Sessions firing ex-FBI Deputy Director Andrew M… https://t.co/0CPDgkHgrX,37,@CNN
0.0,Sat Mar 17 03:11:53 +0000 2018,0.0,1.0,0.0,Xi Jinping is making sweeping changes to how China is run https://t.co/RPIDFVNTKj https://t.co/yOpxnVfRu3,38,@CNN
-0.1779,Sat Mar 17 03:04:01 +0000 2018,0.147,0.737,0.115,"RT @CNNTonight: ""This looks like a punishment in search of a transgression rather than a transgression that's followed by a punishment,"" sa…",39,@CNN
0.128,Sat Mar 17 03:02:52 +0000 2018,0.0,0.923,0.077,"Attorneys defending President Trump and the company of his personal legal counsel, Michael Cohen, have filed to mov… https://t.co/3hOQImURcf",40,@CNN
0.0,Sat Mar 17 02:37:51 +0000 2018,0.0,1.0,0.0,Former FBI deputy director Andrew McCabe tells CNN's Pamela Brown that the Republican memo from the House Intellige… https://t.co/Y1ZrN2ET2O,41,@CNN
-0.4168,Sat Mar 17 02:26:51 +0000 2018,0.176,0.824,0.0,"Embattled former FBI deputy Andrew McCabe says he ""never misled"" Justice Department investigators… https://t.co/hxnB7f8L9F",42,@CNN
-0.5574,Sat Mar 17 02:05:18 +0000 2018,0.167,0.833,0.0,BREAKING: Attorney General Jeff Sessions has fired former FBI deputy director Andrew McCabe less than two days shy… https://t.co/qOxa5YZFDc,43,@CNN
0.0,Sat Mar 17 01:54:31 +0000 2018,0.0,1.0,0.0,"Every year on St. Patrick's Day, the world suddenly looks a little more green. Here are some of the landmarks that… https://t.co/GNwhbmmKZB",44,@CNN
-0.1531,Sat Mar 17 01:35:24 +0000 2018,0.082,0.918,0.0,"RT @AC360: Anderson Cooper: #KeepingThemHonest, ""even barring any new shakeup, the turnover in (the Trump) administration is without modern…",45,@CNN
-0.2732,Sat Mar 17 01:31:39 +0000 2018,0.104,0.896,0.0,The lead bridge engineer with the firm that designed the pedestrian bridge that collapsed left a voicemail with the… https://t.co/pppToee6GM,46,@CNN
0.5859,Sat Mar 17 01:19:38 +0000 2018,0.0,0.769,0.231,"Nestled into the stunning Arctic landscape with panoramic views of sparkling fjords and snowy mountains, Ny Anstalt… https://t.co/x32JbLA62a",47,@CNN
0.0,Sat Mar 17 01:00:36 +0000 2018,0.0,1.0,0.0,The things that turn green on St. Patrick's Day https://t.co/EmvBkRWTp9 https://t.co/7zjVMQ0jKT,48,@CNN
-0.6705,Sat Mar 17 00:41:22 +0000 2018,0.297,0.703,0.0,FBI raids home of fired spy agency contractor suspected of leaking code on Facebook https://t.co/IIApgIHhRV,49,@CNN
0.0,Sat Mar 17 00:39:25 +0000 2018,0.0,1.0,0.0,Michael Flynn is set to appear at a California congressional candidate's event https://t.co/K9XOo7qSop https://t.co/J1yBATdTxs,50,@CNN
-0.4767,Sat Mar 17 00:31:58 +0000 2018,0.162,0.838,0.0,"Russia has attempted to attack targets that include ""energy, nuclear, commercial facilities, water, aviation, and c… https://t.co/OpMFru9m1k",51,@CNN
0.4215,Sat Mar 17 00:21:09 +0000 2018,0.0,0.859,0.141,"In the airline's third animal-related incident in a week, a United Airlines plane headed to St. Louis was diverted… https://t.co/9ZYGU1cTW8",52,@CNN
-0.4019,Sat Mar 17 00:21:07 +0000 2018,0.153,0.847,0.0,6 signs you're going to lose your White House job | Analysis by CNN's Gregory Krieg https://t.co/Gx9MuoFyiG https://t.co/iJ1tsRqHKm,53,@CNN
-0.5719,Sat Mar 17 00:11:03 +0000 2018,0.251,0.749,0.0,Two Nike executives have resigned in the midst of complaints about the company's work environment… https://t.co/vdun1MS7sv,54,@CNN
0.0,Fri Mar 16 23:58:45 +0000 2018,0.0,1.0,0.0,"RT @OutFrontCNN: ""This is theatre ... it's not normal,"" says @AprilDRyan of President Trump's staff shake-up https://t.co/p3PGiOFOFT https:…",55,@CNN
-0.7184,Fri Mar 16 23:55:06 +0000 2018,0.286,0.714,0.0,"Kroger is going to stop selling magazines about assault rifles, a spokeswoman for the grocery chain said… https://t.co/n4p0gFzVGB",56,@CNN
0.0,Fri Mar 16 23:49:25 +0000 2018,0.0,1.0,0.0,"6 days, 26 major stories: 1 week in the Trump presidency | Analysis by @CillizzaCNN https://t.co/I1uiplvN2u https://t.co/m7q8O6xpAj",57,@CNN
-0.2263,Fri Mar 16 23:41:02 +0000 2018,0.179,0.694,0.127,Trump is creating a dangerous echo chamber around himself | By Julian Zelizer via @CNNOpinion… https://t.co/Ix4ndy0Bz0,58,@CNN
0.4215,Fri Mar 16 23:36:05 +0000 2018,0.0,0.859,0.141,"Facebook is bringing the minimalist version of its app to some developed countries, including the United States… https://t.co/THWMh8L8lF",59,@CNN
0.0772,Fri Mar 16 23:31:05 +0000 2018,0.0,0.92,0.08,A University of Pennsylvania Law School professor has been removed from teaching mandatory first-year courses after… https://t.co/TR8dIXkVig,60,@CNN
0.0,Fri Mar 16 23:21:06 +0000 2018,0.0,1.0,0.0,"Caterpillar could eliminate nearly 900 jobs in the US and Central America, the company said https://t.co/f1KsuzYWi7 https://t.co/bE3TKTIQMx",61,@CNN
-0.743,Fri Mar 16 23:11:08 +0000 2018,0.27,0.73,0.0,"Four suspects in the alleged hazing death of a Louisiana State University student were indicted, according to the E… https://t.co/vWNiufyhou",62,@CNN
-0.8979,Fri Mar 16 23:01:04 +0000 2018,0.427,0.573,0.0,Putin is stoking the hellish war in Syria and no one is stopping him | By Gayle Lemmon via @CNNOpinion… https://t.co/08OrNrS167,63,@CNN
-0.1901,Fri Mar 16 22:51:03 +0000 2018,0.084,0.916,0.0,"President Trump may complain about American cars being locked out of the Japanese auto market but, experts say, tha… https://t.co/nKh61JtANx",64,@CNN
0.0571,Fri Mar 16 22:41:26 +0000 2018,0.221,0.548,0.231,RT @CNNSitRoom: Democratic Rep. Garamendi: “This Presidency is a very serious security threat to the United States” https://t.co/CAUNIM0XaP…,65,@CNN
0.1779,Fri Mar 16 22:41:09 +0000 2018,0.0,0.904,0.096,The US pushes for changes to the Iran deal as President Trump signals a tougher stance https://t.co/jlDYogbzrB https://t.co/7CFLPIEX4u,66,@CNN
0.0,Fri Mar 16 22:31:43 +0000 2018,0.0,1.0,0.0,Tariff tutorial: what the 45th US President could learn from the 25th | By John Kirby via @CNNOpinion… https://t.co/AxnKAghXzB,67,@CNN
0.0,Fri Mar 16 22:21:34 +0000 2018,0.0,1.0,0.0,"The Academy of Motion Pictures Arts and Sciences, the group behind on the Oscars, is investigating allegations of s… https://t.co/Yn0zVaop0N",68,@CNN
-0.34,Fri Mar 16 22:16:09 +0000 2018,0.167,0.833,0.0,Thousands of people gathered in Slovakia's capital city to protest against the government and pay tribute to murder… https://t.co/TphLFTABVH,69,@CNN
0.2023,Fri Mar 16 22:09:02 +0000 2018,0.0,0.904,0.096,"Education Secretary Betsy DeVos and Washington Sen. Patty Murray, the top Democrat on the Senate's education panel,… https://t.co/greo94ZBXD",70,@CNN
0.0,Fri Mar 16 22:06:09 +0000 2018,0.0,1.0,0.0,New satellite imagery examined by Western experts suggests North Korea has begun preliminary testing of one of its… https://t.co/JawfIsT74b,71,@CNN
0.296,Fri Mar 16 21:51:48 +0000 2018,0.0,0.901,0.099,"Though HIV rates across the US are stable, at least two spots -- Beaver County, Pennsylvania, and Milwaukee -- show… https://t.co/IchWshO1bN",72,@CNN
0.4939,Fri Mar 16 21:47:32 +0000 2018,0.0,0.842,0.158,White House press secretary Sarah Sanders wouldn't say whether Russian President Vladimir Putin was a friend or a f… https://t.co/XTBp5HzcwX,73,@CNN
-0.3818,Fri Mar 16 21:36:53 +0000 2018,0.11,0.89,0.0,"The White House is gearing up for a bruising fight over the nomination of President Trump's pick to head the CIA, G… https://t.co/dTREDYchTR",74,@CNN
0.0,Fri Mar 16 21:30:44 +0000 2018,0.0,1.0,0.0,"The Vatican has removed Archbishop Anthony Apuron of Guam from office.

A news release did not specify exactly what… https://t.co/9VrEgLAj8P",75,@CNN
0.0,Fri Mar 16 21:22:01 +0000 2018,0.0,1.0,0.0,"""I guess it never really occurred to me that I wouldn't always get to have that old-fashioned toy store experience… https://t.co/Q1PvzzJDPO",76,@CNN
0.34,Fri Mar 16 21:18:35 +0000 2018,0.0,0.893,0.107,"A pro-Trump group has hired Carl Higbie, who shared an N-Word laden post written by someone else on Facebook in 201… https://t.co/KXnx2TqAZe",77,@CNN
-0.4404,Fri Mar 16 21:16:43 +0000 2018,0.132,0.868,0.0,"Saudi Arabia will develop nuclear weapons if Iran does the same, said Crown Prince Mohammed bin Salman, Saudi's def… https://t.co/MLHmQAELbx",78,@CNN
0.5413,Fri Mar 16 21:04:26 +0000 2018,0.0,0.845,0.155,"On Saturday, 1.7 million South Australians will vote in what many are describing as the most exciting electoral rac… https://t.co/LvVsumtxAW",79,@CNN
-0.3182,Fri Mar 16 21:01:31 +0000 2018,0.099,0.901,0.0,"""Is there anything in the litany of accusations -- you would call them facts -- that surround this case that happen… https://t.co/LL9FHkK0iI",80,@CNN
0.0,Fri Mar 16 20:58:52 +0000 2018,0.0,1.0,0.0,.@jaketapper: Can we pause and consider the notion that — as the country waits in suspense to see who President Tru… https://t.co/O1gHTQ9PEv,81,@CNN
-0.3182,Fri Mar 16 20:54:11 +0000 2018,0.091,0.909,0.0,"RT @TheLeadCNN: ""Is there anything in the litany of accusations -- you would call them facts -- that surround this case that happened while…",82,@CNN
0.0,Fri Mar 16 20:52:35 +0000 2018,0.0,1.0,0.0,"Tapper: You say your client, Stormy Daniels, felt “physically threatened” to stay silent about what she knew about… https://t.co/eAj46BO7cx",83,@CNN
0.0,Fri Mar 16 20:50:58 +0000 2018,0.0,1.0,0.0,Lyft tests a $199 monthly subscription plan for rides https://t.co/BEk43Na2Ve https://t.co/EsZqc4qTQW,84,@CNN
0.0,Fri Mar 16 20:41:54 +0000 2018,0.0,1.0,0.0,RT @CNNPolitics: Attorney Michael Avenatti says his client Stormy Daniels will reveal details about her claim that she was physically threa…,85,@CNN
-0.3612,Fri Mar 16 20:37:41 +0000 2018,0.149,0.851,0.0,"As rumors of yet another staff shakeup loom over the White House, chief of staff John Kelly and White House officia… https://t.co/E6RIeBLZxf",86,@CNN
0.3182,Fri Mar 16 20:33:49 +0000 2018,0.0,0.874,0.126,Two US representatives have introduced a bill that would put quarters featuring prominent women from American histo… https://t.co/9F3bJ9Dm0s,87,@CNN
0.0,Fri Mar 16 20:26:40 +0000 2018,0.0,1.0,0.0,RT @TheLeadCNN: .@jaketapper: Can we pause and consider the notion that — as the country waits in suspense to see who President Trump will…,88,@CNN
0.4404,Fri Mar 16 20:20:03 +0000 2018,0.0,0.873,0.127,"Secretary of State Rex Tillerson thanked agency staff and called his service at the State Department ""one of the gr… https://t.co/hYYJ0uqOuM",89,@CNN
-0.8176,Fri Mar 16 20:07:13 +0000 2018,0.347,0.653,0.0,"Following a New York helicopter crash in which five passengers died, the FAA has ordered no more ""doors-off"" aircra… https://t.co/ktg6BfwbHq",90,@CNN
0.0,Fri Mar 16 20:04:03 +0000 2018,0.0,1.0,0.0,President Trump's staffing upheavals come in spurts | Analysis by CNN's Sam Petulla https://t.co/7pjZKe1H6F https://t.co/knFbMFqr8v,91,@CNN
-0.296,Fri Mar 16 20:02:13 +0000 2018,0.099,0.901,0.0,"The US government has accused Russia of remotely targeting the US power grid, as part of its newly unveiled sanctio… https://t.co/7yE2m1r4Vp",92,@CNN
0.3182,Fri Mar 16 19:50:55 +0000 2018,0.0,0.867,0.133,Facebook has apologized after its autocomplete search feature suggested video titles that described child abuse… https://t.co/EgQJDGvKjT,93,@CNN
0.0,Fri Mar 16 19:43:15 +0000 2018,0.0,1.0,0.0,National Geographic has more work to do on race | By Kerra Bolton via @CNNOpinion https://t.co/9CNskmP6J1 https://t.co/dYUfPJVHNa,94,@CNN
-0.743,Fri Mar 16 19:31:27 +0000 2018,0.289,0.711,0.0,This officer missed the Florida bridge collapse by seconds as she stopped at a red light. When she realized what ha… https://t.co/Hulr6hhwUI,95,@CNN
-0.296,Fri Mar 16 19:29:15 +0000 2018,0.151,0.755,0.094,Wells Fargo's CEO got a 36% raise after one of the darkest years in the bank's history https://t.co/iTLDmdcbFr https://t.co/3Dwu5O2BTD,96,@CNN
0.0,Fri Mar 16 19:18:42 +0000 2018,0.0,1.0,0.0,Sean Hannity jabs Shep Smith in a sign of the divide between Fox News' opinion programming and the news division… https://t.co/H6nhnEquf4,97,@CNN
-0.128,Fri Mar 16 19:15:43 +0000 2018,0.165,0.728,0.107,"On school safety, inaction is not an option, says @BetsyDeVos; Even those who have disagreed in the past must now w… https://t.co/fhLHsSDoiL",98,@CNN
-0.6486,Fri Mar 16 19:10:29 +0000 2018,0.249,0.751,0.0,Nearly two-thirds of Americans are concerned they can no longer distinguish fake news from quality journalism online https://t.co/QNP3dU1FPo,99,@CNN
0.0,Sat Mar 17 13:55:31 +0000 2018,0.0,1.0,0.0,".@cvpayne: ""6.3 million job openings right now - by far an all-time record."" https://t.co/RjclNa3ZAw",0,@FoxNews
-0.6486,Sat Mar 17 13:50:58 +0000 2018,0.264,0.736,0.0,"Adrian Lamo, hacker who turned in Chelsea Manning to FBI, found dead https://t.co/4eJfcGOmGx",1,@FoxNews
0.9042,Sat Mar 17 13:37:34 +0000 2018,0.0,0.551,0.449,".@RCamposDuffy: ""This is a first step in restoring confidence and trust in our institutions and in equal justice in… https://t.co/WVOlvDcF3H",2,@FoxNews
-0.6486,Sat Mar 17 13:07:38 +0000 2018,0.238,0.762,0.0,".@GeraldoRivera: “The firing of McCabe as it happened, on a Friday night at ten o’clock, was harsh and spiteful.” https://t.co/pf5kx7Ftt4",3,@FoxNews
-0.5106,Sat Mar 17 12:56:13 +0000 2018,0.248,0.752,0.0,Outrage over New Yorker mag's 'repulsive' body-shaming of President Trump https://t.co/OiKnEpkpFY,4,@FoxNews
0.3818,Sat Mar 17 12:41:54 +0000 2018,0.0,0.88,0.12,Brandon Judd: “The president wants to get a deal done that will protect these people that were brought here through… https://t.co/wkwDYWdZd0,5,@FoxNews
0.0,Sat Mar 17 12:37:04 +0000 2018,0.0,1.0,0.0,.@PhilippeReines: “Firing Jim Comey will go down as one of the biggest political blunders in history.” https://t.co/uZMYDKCL41,6,@FoxNews
-0.2415,Sat Mar 17 12:35:10 +0000 2018,0.176,0.704,0.12,.@PhilippeReines: “President Trump cannot fire his way out of the troubles he’s in.” https://t.co/W3XAQxn8Iq,7,@FoxNews
0.0,Sat Mar 17 12:32:34 +0000 2018,0.0,1.0,0.0,".@PhilippeReines: “Irrespective of what you think Mr. McCabe did or didn’t do, it’s transparently vindictive to fir… https://t.co/dY3ayT9o0h",8,@FoxNews
0.0,Sat Mar 17 12:16:48 +0000 2018,0.0,1.0,0.0,"Rumored site of $55M in Civil War-era gold draws FBI's attention, reports say https://t.co/oBiHoTiJUI",9,@FoxNews
0.0,Sat Mar 17 11:55:57 +0000 2018,0.0,1.0,0.0,An early morning runner heads past the Vietnam Veterans Memorial towards the Washington Monument at daybreak in Was… https://t.co/9r1yXHc4hY,10,@FoxNews
0.0,Sat Mar 17 11:50:48 +0000 2018,0.0,1.0,0.0,Candace Owens: “We can’t have states within this union that are not complying with federal law.” https://t.co/0YcFacAe3s,11,@FoxNews
-0.6597,Sat Mar 17 11:41:56 +0000 2018,0.351,0.649,0.0,Ohio student suspended for staying in class during National Walkout Day https://t.co/LZTIDsZPFI,12,@FoxNews
-0.8442,Sat Mar 17 11:31:01 +0000 2018,0.503,0.497,0.0,"Russia retaliates, expels 23 British diplomats amid tensions over ex-spy poisoning https://t.co/hbB8Ku6thf",13,@FoxNews
-0.296,Sat Mar 17 11:27:28 +0000 2018,0.155,0.845,0.0,Savannah says 'no more' to smooching soldiers in St. Patrick's Day Parade https://t.co/2W28gi2T40,14,@FoxNews
0.0,Sat Mar 17 11:21:48 +0000 2018,0.0,1.0,0.0,".@CharlesHurt: “Rex Tillerson didn’t get elected to anything, Donald Trump did.” https://t.co/1gTgGR1a69",15,@FoxNews
-0.6908,Sat Mar 17 10:57:00 +0000 2018,0.324,0.676,0.0,Video shows the scary moments when a malfunctioning chairlift sends people flying. No serious injuries were reporte… https://t.co/GkRMAwpw9j,16,@FoxNews
-0.8074,Sat Mar 17 10:56:09 +0000 2018,0.509,0.368,0.123,Cop killer granted parole decades after cold-blooded murders https://t.co/PuzGoWCQs2,17,@FoxNews
-0.34,Sat Mar 17 10:53:00 +0000 2018,0.118,0.882,0.0,"FDNY Fire Marshal Christopher T. “Tripp” Zanetis and FDNY Lieutenant Christopher J. Raguso, both of whom also serve… https://t.co/TUZ5lEFtGs",18,@FoxNews
-0.5994,Sat Mar 17 10:50:22 +0000 2018,0.151,0.849,0.0,.@TomFitton: “I don’t know how many blows the Russia collusion story is going to take before it dies the death it d… https://t.co/I4eb0bsFHS,19,@FoxNews
0.5859,Sat Mar 17 10:35:38 +0000 2018,0.0,0.798,0.202,"Bonnie Brazzeal: “It was an amazing experience, I never dreamed that I would meet [President @realDonaldTrump] and… https://t.co/wyA1dPG4sH",20,@FoxNews
0.5267,Sat Mar 17 10:32:09 +0000 2018,0.0,0.866,0.134,"Jerry Davis, President of College of the Ozarks: “We’re all going to gain by the changes brought about by the tax b… https://t.co/D5sNS3D0F2",21,@FoxNews
0.0,Sat Mar 17 10:25:29 +0000 2018,0.0,1.0,0.0,Oakland mayor consulted with illegal-immigration activists before tipping off ICE raid https://t.co/IVi2VKM0y0,22,@FoxNews
-0.0772,Sat Mar 17 10:00:02 +0000 2018,0.067,0.933,0.0,".@JesseBWatters: “Whether it was an accidental shooting or it was a purposeful shooting, he cost Kate Steinle her l… https://t.co/0kldOu31CA",23,@FoxNews
-0.7717,Sat Mar 17 09:45:00 +0000 2018,0.314,0.628,0.058,'Angel Dad': Pelosi Would Want a 'Wall to the Moon' If an Illegal Immigrant Hurt Her Family https://t.co/IfLXQQgskK,24,@FoxNews
-0.34,Sat Mar 17 09:37:00 +0000 2018,0.124,0.876,0.0,"On Saturday, @realDonaldTrump tweeted his reaction to Attorney General Jeff Sessions' firing of former FBI Deputy D… https://t.co/UBAU9OKEq0",25,@FoxNews
0.0,Sat Mar 17 09:15:00 +0000 2018,0.0,1.0,0.0,Medieval 'pot o' gold' discovered by construction workers https://t.co/mOdDk36XYW,26,@FoxNews
-0.4118,Sat Mar 17 09:08:00 +0000 2018,0.121,0.879,0.0,".@TheDCVince: “The whole reason we have this firing today is because of James Comey, and the FBI’s handling of the… https://t.co/BhH3HP6bXb",27,@FoxNews
0.6523,Sat Mar 17 09:00:00 +0000 2018,0.0,0.761,0.239,SHE SAID YES: A Georgia police officer surprised his girlfriend by popping the question amid a group of children du… https://t.co/9CiuUWvWEi,28,@FoxNews
0.0516,Sat Mar 17 08:52:00 +0000 2018,0.22,0.549,0.232,Top @HillaryClinton Adviser Warns Dems: Stop Dismissing Chance of 2nd Trump Term https://t.co/eYGvnNZGtJ,29,@FoxNews
-0.6908,Sat Mar 17 08:30:00 +0000 2018,0.324,0.676,0.0,Video shows the scary moments when a malfunctioning chairlift sends people flying. No serious injuries were reporte… https://t.co/FXEgGixow0,30,@FoxNews
0.0,Sat Mar 17 08:22:00 +0000 2018,0.0,1.0,0.0,Bernard Kerik: “I would urge the American people to think extremely highly of the FBI. The FBI agents across this c… https://t.co/zHpWNdlzex,31,@FoxNews
-0.2732,Sat Mar 17 08:15:00 +0000 2018,0.139,0.861,0.0,"McCormick and Schmick's manager suing for $999,999 after getting bit by venomous spider https://t.co/scPXKrJGVG",32,@FoxNews
0.0258,Sat Mar 17 08:12:07 +0000 2018,0.164,0.667,0.169,"Judge locks self in courtroom, causes $3G in damage trying to break free: report
https://t.co/lJ3txHdsyS",33,@FoxNews
-0.296,Sat Mar 17 08:08:00 +0000 2018,0.115,0.885,0.0,".@SaraCarterDC: ""[McCabe] believes this is all about [@POTUS]. No, this is about his colleagues at OPR...who found… https://t.co/KdHw5dqBT0",34,@FoxNews
0.34,Sat Mar 17 08:00:00 +0000 2018,0.068,0.789,0.142,.@KatrinaPierson: “I think it is time to get serious. There absolutely should be a second special counsel.”… https://t.co/U71H7DISMH,35,@FoxNews
0.0,Sat Mar 17 07:50:00 +0000 2018,0.0,1.0,0.0,".@NancyPelosi: #Trump's Proposed Border Wall Is Too High, 'Obnoxious' in a Civilized Society https://t.co/ROR8CZqEpj",36,@FoxNews
-0.7003,Sat Mar 17 07:38:00 +0000 2018,0.244,0.756,0.0,".@RepMarkMeadows: ""No one ever gets fired from the @FBI and DOJ without there being real credible evidence, so the… https://t.co/N4IozhCoAg",37,@FoxNews
0.0,Sat Mar 17 07:30:00 +0000 2018,0.0,1.0,0.0,.@KatrinaPierson: “I think that this is the beginning of what I believe is to come. Once the inspector general repo… https://t.co/85JgWYuq9N,38,@FoxNews
-0.5423,Sat Mar 17 07:15:00 +0000 2018,0.304,0.696,0.0,Famous 'snake whisperer' dies after fatal cobra bite https://t.co/Y25KZ9SbBe,39,@FoxNews
-0.0772,Sat Mar 17 07:07:00 +0000 2018,0.067,0.933,0.0,".@JesseBWatters: “Whether it was an accidental shooting or it was a purposeful shooting, he cost Kate Steinle her l… https://t.co/LZzyluSpm5",40,@FoxNews
-0.2732,Sat Mar 17 07:04:11 +0000 2018,0.16,0.84,0.0,"$2.5M settlement after police dismiss woman's kidnapping as 'Gone Girl' hoax
https://t.co/QHj5Q9xnVM",41,@FoxNews
-0.4957,Sat Mar 17 07:00:00 +0000 2018,0.187,0.813,0.0,Cleaning has never been more fun! Watch these German shepherd puppies chase after a broom. https://t.co/YC7zKJCEYL,42,@FoxNews
0.0,Sat Mar 17 06:51:49 +0000 2018,0.0,1.0,0.0,"Drunken driver rammed car, injuring US military translator from Afghanistan, authorities say
https://t.co/2TjxauNBXC",43,@FoxNews
0.0,Sat Mar 17 06:45:00 +0000 2018,0.0,1.0,0.0,".@JeffFlake blasts #Trump as 'erratic' in New Hampshire speech, fueling 2020 primary speculation https://t.co/j00BngHNXz",44,@FoxNews
-0.5574,Sat Mar 17 06:30:00 +0000 2018,0.167,0.833,0.0,"After being fired by Attorney General Jeff Sessions on Friday, former FBI Deputy Director Andrew McCabe released a… https://t.co/CYB8BktAUx",45,@FoxNews
0.5106,Sat Mar 17 06:15:00 +0000 2018,0.092,0.69,0.218,".@pnjaban on McCabe's firing: ""I'm glad this action has been taken. Clearly, Mr. McCabe was at the heart of a numbe… https://t.co/di05nsBeyh",46,@FoxNews
-0.8172,Sat Mar 17 06:00:00 +0000 2018,0.309,0.691,0.0,".@RepSeanDuffy on McCabe firing: ""No one gets fired in the swamp! That we have a former head of the @FBI who's now… https://t.co/NAlG8ZQoS0",47,@FoxNews
0.0,Sat Mar 17 05:45:00 +0000 2018,0.0,1.0,0.0,Christopher Steele must appear for dossier deposition in British court https://t.co/5X4u0UOARm,48,@FoxNews
-0.5574,Sat Mar 17 05:35:00 +0000 2018,0.184,0.816,0.0,"Former FBI Deputy Director Andrew McCabe was fired on Friday night, Attorney General Jeff Sessions announced.… https://t.co/HpKXMxdWK5",49,@FoxNews
-0.5106,Sat Mar 17 05:15:00 +0000 2018,0.323,0.677,0.0,Chicago students allegedly trash Walmart during National School Walkout protest https://t.co/58N1KKO9Wp,50,@FoxNews
0.0,Sat Mar 17 05:08:00 +0000 2018,0.0,1.0,0.0,OPINION - @newtgingrich: #Trump (and his success) continues to baffle our country's elites. What's going on? https://t.co/vjegRYFNcv,51,@FoxNews
-0.7096,Sat Mar 17 05:00:01 +0000 2018,0.496,0.426,0.078,No. 16 UMBC stuns No. 1 Virginia in NCAA upset https://t.co/rxMmBNgtoj,52,@FoxNews
-0.6597,Sat Mar 17 04:52:00 +0000 2018,0.351,0.649,0.0,Ohio student suspended for staying in class during National Walkout Day https://t.co/DbQps1HJz5,53,@FoxNews
0.0,Sat Mar 17 04:45:00 +0000 2018,0.0,1.0,0.0,First for California: Undocumented Immigrant Appointed to Gov't Post https://t.co/MYINJHmzDg,54,@FoxNews
0.0,Sat Mar 17 04:30:00 +0000 2018,0.0,1.0,0.0,".@peterthiel: If #Trump Runs in 2020, He Will Get Re-Elected https://t.co/pKWdtHI2Jy",55,@FoxNews
-0.34,Sat Mar 17 04:22:02 +0000 2018,0.124,0.876,0.0,"On Saturday, @realDonaldTrump tweeted his reaction to Attorney General Jeff Sessions' firing of former FBI Deputy D… https://t.co/H1fXbu1jxM",56,@FoxNews
-0.7717,Sat Mar 17 04:15:00 +0000 2018,0.314,0.628,0.058,'Angel Dad': @NancyPelosi Would Want a 'Wall to the Moon' If an Illegal Immigrant Hurt Her Family https://t.co/IfLXQQgskK,57,@FoxNews
0.6486,Sat Mar 17 03:58:59 +0000 2018,0.0,0.739,0.261,"Former FBI Assistant Director Ron Hosko: “The Andy McCabe I knew was a tireless, smart, capable public servant.”… https://t.co/W1Niy2pH7a",58,@FoxNews
0.0,Sat Mar 17 03:54:16 +0000 2018,0.0,1.0,0.0,Bernard Kerik: “I would urge the American people to think extremely highly of the FBI. The FBI agents across this c… https://t.co/J24WX6N1Ky,59,@FoxNews
-0.743,Sat Mar 17 03:47:45 +0000 2018,0.326,0.674,0.0,"Illegal immigrant turns himself in to ICE following deadly hit-and-run car crash, report says https://t.co/W3xqugPFe2",60,@FoxNews
-0.4118,Sat Mar 17 03:33:27 +0000 2018,0.121,0.879,0.0,".@TheDCVince: “The whole reason we have this firing today is because of James Comey, and the FBI’s handling of the… https://t.co/wzUsROhxSH",61,@FoxNews
-0.5574,Sat Mar 17 03:26:52 +0000 2018,0.167,0.833,0.0,"After being fired by Attorney General Jeff Sessions on Friday, former FBI Deputy Director Andrew McCabe released a… https://t.co/9i5rvBhCF3",62,@FoxNews
0.34,Sat Mar 17 03:20:14 +0000 2018,0.068,0.789,0.142,.@KatrinaPierson: “I think it is time to get serious. There absolutely should be a second special counsel.”… https://t.co/rQuJ5MQbjy,63,@FoxNews
0.4588,Sat Mar 17 03:19:51 +0000 2018,0.097,0.685,0.218,"Sol Wisenberg on McCabe firing: ""I have actually a lot of faith in [AG Sessions'] integrity and this [report] must… https://t.co/AeMUkwIHIP",64,@FoxNews
0.0,Sat Mar 17 03:18:17 +0000 2018,0.0,1.0,0.0,.@KatrinaPierson: “I think that this is the beginning of what I believe is to come. Once the inspector general repo… https://t.co/eAcb0f58zO,65,@FoxNews
-0.7003,Sat Mar 17 03:11:31 +0000 2018,0.244,0.756,0.0,".@RepMarkMeadows: ""No one ever gets fired from the @FBI and DOJ without there being real credible evidence, so the… https://t.co/18KQ2aKYki",66,@FoxNews
-0.8172,Sat Mar 17 03:04:32 +0000 2018,0.309,0.691,0.0,".@RepSeanDuffy on McCabe firing: ""No one gets fired in the swamp! That we have a former head of the @FBI who's now… https://t.co/eYcdd5wRh7",67,@FoxNews
-0.296,Sat Mar 17 02:57:48 +0000 2018,0.115,0.885,0.0,".@SaraCarterDC: ""[McCabe] believes this is all about [@POTUS]. No, this is about his colleagues at OPR...who found… https://t.co/uVBGYaJHSA",68,@FoxNews
0.0,Sat Mar 17 02:43:02 +0000 2018,0.0,1.0,0.0,".@AlanDersh: ""If the evidence conclusively demonstrates that [McCabe] was less than candid and misled investigators… https://t.co/eA4dOV7YQO",69,@FoxNews
0.5106,Sat Mar 17 02:36:44 +0000 2018,0.092,0.69,0.218,".@pnjaban on McCabe's firing: ""I'm glad this action has been taken. Clearly, Mr. McCabe was at the heart of a numbe… https://t.co/Mn6KuXk6tp",70,@FoxNews
-0.5574,Sat Mar 17 02:07:55 +0000 2018,0.175,0.825,0.0,"BREAKING: Former FBI Deputy Director Andrew McCabe was fired on Friday night, Attorney General Jeff Sessions announ… https://t.co/gd7ak2YrqO",71,@FoxNews
-0.3818,Sat Mar 17 02:01:13 +0000 2018,0.223,0.647,0.129,".@mikeroweworks: ""I believe, as a society we've made the case that the enemy of your happiness is your damn job, an… https://t.co/4MmqNcsBmI",72,@FoxNews
-0.6956,Sat Mar 17 01:52:30 +0000 2018,0.283,0.634,0.082,".@mikeroweworks on how unemployment affects men: ""Nothing good happens, but the bad things that happen as a direct… https://t.co/6hmVMXWghe",73,@FoxNews
0.0,Sat Mar 17 01:46:34 +0000 2018,0.0,1.0,0.0,Oakland mayor consulted with illegal-immigration activists before tipping off ICE raid https://t.co/4mcA8qkVIi,74,@FoxNews
0.0772,Sat Mar 17 01:35:13 +0000 2018,0.133,0.718,0.149,".@ToddRokita: ""It's an easy question: Do you condemn anti-Semitism? And the modern Democratic Party...can't answer… https://t.co/m7LS3tZsSy",75,@FoxNews
-0.6908,Sat Mar 17 01:31:30 +0000 2018,0.324,0.676,0.0,Video shows the scary moments when a malfunctioning chairlift sends people flying. No serious injuries were reporte… https://t.co/Vo7sO9ns4I,76,@FoxNews
0.0,Sat Mar 17 01:23:51 +0000 2018,0.0,1.0,0.0,Senator demands documents related to @FIU bridge construction https://t.co/q9gjGJkMdj,77,@FoxNews
-0.7096,Sat Mar 17 01:11:05 +0000 2018,0.247,0.753,0.0,"Chris Swecker on McCabe: ""I've seen street agents fired for 'lack of candor,' which is really lying...If it's good… https://t.co/FC9UqIIKa1",78,@FoxNews
0.4215,Sat Mar 17 00:56:59 +0000 2018,0.0,0.877,0.123,".@KurtSchlichter: ""You can't have two sets of laws: one for the favored folk and one for the normal folk...That doe… https://t.co/JPJFb7bqSs",79,@FoxNews
-0.6096,Sat Mar 17 00:49:30 +0000 2018,0.208,0.792,0.0,".@KurtSchlichter: ""The rule of law is so critical...When you pass a law and then ignore it, you really have no rule… https://t.co/QxVo2DunSQ",80,@FoxNews
-0.5994,Sat Mar 17 00:40:28 +0000 2018,0.234,0.766,0.0,".@DavidLeopold: ""I have no problem with a lawyer practicing in California. Now the 'unlawfully' part can be solved.… https://t.co/vrdoqCOnls",81,@FoxNews
-0.8271,Sat Mar 17 00:34:00 +0000 2018,0.339,0.661,0.0,The @NTSB provides updates on the pedestrian bridge collapse in Miami Thursday that killed several people.… https://t.co/eaF8KahK2q,82,@FoxNews
0.0,Sat Mar 17 00:26:53 +0000 2018,0.0,1.0,0.0,FAA temporarily grounds open-door helicopter flights https://t.co/6PE5PmeDWh,83,@FoxNews
-0.802,Sat Mar 17 00:14:45 +0000 2018,0.356,0.644,0.0,OPINION: @United Airlines disaster -- Why didn't anyone stand up for that poor dog?  https://t.co/GjmTpKEHP7,84,@FoxNews
-0.743,Sat Mar 17 00:06:02 +0000 2018,0.296,0.704,0.0,"Gymnast Rachael Denhollander, a victim of Larry Nassar, takes on the issue of sex abuse in churches https://t.co/R77ptfCXhF",85,@FoxNews
0.0,Fri Mar 16 23:49:27 +0000 2018,0.0,1.0,0.0,Medieval 'pot o' gold' discovered by construction workers  https://t.co/mOdDk36XYW,86,@FoxNews
0.0,Fri Mar 16 23:37:25 +0000 2018,0.0,1.0,0.0,"Jeremy Hunt, U.S. Army Officer: “To hear @codepink trying to come against JROTC for their own political agenda is j… https://t.co/ZUHS3mG3FI",87,@FoxNews
-0.6597,Fri Mar 16 23:28:48 +0000 2018,0.351,0.649,0.0,Ohio student suspended for staying in class during National Walkout Day https://t.co/DbQps1ZkXF,88,@FoxNews
0.5423,Fri Mar 16 23:21:18 +0000 2018,0.0,0.816,0.184,"RT @FoxBusiness: Don King to @cvpayne on his support for @realDonaldTrump: ""Everyone agrees that the system is corrupt, the GOP, the Dems,…",89,@FoxNews
-0.4957,Fri Mar 16 23:20:42 +0000 2018,0.187,0.813,0.0,Cleaning has never been more fun! Watch these German shepherd puppies chase after a broom. https://t.co/W31DtNS2na,90,@FoxNews
-0.8126,Fri Mar 16 23:15:01 +0000 2018,0.316,0.684,0.0,"Maria Belyi, attorney for Jose Garcia-Zarate: “The anger of the administration, the anger of @TheJusticeDept over h… https://t.co/516CyVMxJp",91,@FoxNews
0.0,Fri Mar 16 23:04:20 +0000 2018,0.0,1.0,0.0,"OPINION: @newtgingrich: #Trump (and his success) continues to baffle our country's elites. What's going on? 
https://t.co/9oewpumLJT",92,@FoxNews
0.0,Fri Mar 16 22:46:26 +0000 2018,0.0,1.0,0.0,Whatever happened to...democracy vouchers? Dan Springer follows up on Seattle's plan to take the money out of polit… https://t.co/VimgxERIuo,93,@FoxNews
0.0,Fri Mar 16 22:35:33 +0000 2018,0.0,1.0,0.0,Turtle euthanized as row continues over reports it ate a puppy https://t.co/LEDULqLj7C,94,@FoxNews
0.0,Fri Mar 16 22:25:43 +0000 2018,0.0,1.0,0.0,".@peterthiel: If #Trump Runs in 2020, He Will Get Re-Elected https://t.co/mMe9sJfl4y",95,@FoxNews
-0.4404,Fri Mar 16 22:15:28 +0000 2018,0.182,0.818,0.0,.@AllenWest: It Would Be 'March Madness' If McCabe Retires With Full Pension  @TeamCavuto https://t.co/rRLwv1wRkc,96,@FoxNews
0.3744,Fri Mar 16 22:02:30 +0000 2018,0.126,0.677,0.197,".@TheJuanWilliams on Nancy Pelosi: “Nobody’s beaten her, and I think that’s for a very real reason…she’s a great fu… https://t.co/6B3W5Y2Jvl",97,@FoxNews
0.5719,Fri Mar 16 21:56:59 +0000 2018,0.0,0.748,0.252,New Orleans celebrates St. Patrick's Day by tossing cabbage at people https://t.co/DrKDygudEc,98,@FoxNews
-0.0772,Fri Mar 16 21:26:02 +0000 2018,0.067,0.933,0.0,".@JesseBWatters: “Whether it was an accidental shooting or it was a purposeful shooting, he cost Kate Steinle her l… https://t.co/1RujPnSsxr",99,@FoxNews
-0.4588,Sat Mar 17 14:00:28 +0000 2018,0.136,0.864,0.0,"A firm closely tied to the Trump campaign exploited data from 50 million Facebook users, The New York Times found.… https://t.co/ei3yqFlZWe",0,@NYTimes
0.4086,Sat Mar 17 13:42:05 +0000 2018,0.066,0.798,0.136,"“My body will not allow me
To mingle with the men
But my heart is far braver
Than that of a man.”
https://t.co/bEyeqROzuB",1,@NYTimes
0.0,Sat Mar 17 13:35:02 +0000 2018,0.0,1.0,0.0,Opinion: Grab a Pillow: Weekend Reads From Opinion https://t.co/WzUN3Dl3gx,2,@NYTimes
-0.4588,Sat Mar 17 13:27:45 +0000 2018,0.25,0.75,0.0,How Trump Consultants Exploited the Facebook Data of Millions https://t.co/Og2VCZx7J7,3,@NYTimes
-0.1263,Sat Mar 17 13:21:05 +0000 2018,0.113,0.795,0.092,"""I have trouble settling down, and he's got very rhythmic breathing,” said a woman of her dog. ""It's almost like wh… https://t.co/I9Ievi7jGP",4,@NYTimes
-0.3252,Sat Mar 17 13:02:04 +0000 2018,0.135,0.865,0.0,"""The Irish were slaves, too,"" the memes often say. But they're not true.
From 2017: https://t.co/4a12V4QQoG",5,@NYTimes
0.0,Sat Mar 17 12:41:03 +0000 2018,0.0,1.0,0.0,Here's the 2018 election calendar https://t.co/5JIb1S2Lzk,6,@NYTimes
-0.296,Sat Mar 17 12:21:10 +0000 2018,0.268,0.732,0.0,How to stop eating sugar https://t.co/taOj6iNXNT https://t.co/V1UvWZnE5v,7,@NYTimes
-0.7717,Sat Mar 17 12:02:07 +0000 2018,0.427,0.573,0.0,Fatal collapse: A look at how the Florida bridge was built https://t.co/3kq7YW4KHk,8,@NYTimes
0.0772,Sat Mar 17 11:41:05 +0000 2018,0.0,0.929,0.071,"The number of homeless students in New York City public schools climbed to 111,500 last school year https://t.co/q6muKeDCYD",9,@NYTimes
0.296,Sat Mar 17 11:21:04 +0000 2018,0.0,0.82,0.18,"How exercise can keep aging muscles and immune systems ""young"" https://t.co/aBf803nXA5",10,@NYTimes
-0.802,Sat Mar 17 11:02:04 +0000 2018,0.31,0.69,0.0,All “doors-off” helicopter flights have been halted in the U.S. while regulators investigate a crash that killed 5… https://t.co/dJzvsFqLra,11,@NYTimes
0.0,Sat Mar 17 10:31:36 +0000 2018,0.0,1.0,0.0,Diagnosis: Why Was This Teenager Bleeding So Excessively? https://t.co/aCNCKLZdfD,12,@NYTimes
0.0,Sat Mar 17 10:18:36 +0000 2018,0.0,1.0,0.0,He supplies coffee to Starbucks. He owns much of Ethiopia. Where is Mohammed Hussein Al Amoudi? https://t.co/7ADtUzqvNO,13,@NYTimes
0.5719,Sat Mar 17 10:02:02 +0000 2018,0.0,0.861,0.139,"RT @nytimesbusiness: As a teacher, Ryan Frailich was happy just to have a retirement plan. But then he looked closer at how the money was i…",14,@NYTimes
0.0,Sat Mar 17 09:36:15 +0000 2018,0.0,1.0,0.0,"RT @nytimesarts: A new program at Juilliard furnishes opera students with designer gowns for their auditions and performances, donated by M…",15,@NYTimes
-0.7506,Sat Mar 17 09:18:30 +0000 2018,0.416,0.584,0.0,"Russia Expels 23 British Diplomats, Escalating Row Over Ex-Spy’s Poisoning https://t.co/YQXGttFTyW",16,@NYTimes
-0.0516,Sat Mar 17 09:00:17 +0000 2018,0.122,0.763,0.115,"With her passion for wine, swords and bomb making, Qiu Jin was unlike most women born in late 19th-century China. T… https://t.co/gDhW04t0OU",17,@NYTimes
-0.4939,Sat Mar 17 08:32:05 +0000 2018,0.198,0.802,0.0,RT @NYTHealth: The dangers of sleep aids and anti-anxiety medicines for older people. https://t.co/50aDfdHkUL,18,@NYTimes
0.2732,Sat Mar 17 08:10:47 +0000 2018,0.0,0.9,0.1,"The tech industry’s stereotypical accessory used to be the hoodie. Today, it might as well be the Baby Bjorn. https://t.co/5chK3RtwM5",19,@NYTimes
0.0,Sat Mar 17 07:54:30 +0000 2018,0.0,1.0,0.0,Your weekend playlist has arrived https://t.co/ouKnmfvsHM,20,@NYTimes
-0.0516,Sat Mar 17 07:38:00 +0000 2018,0.119,0.769,0.112,"Tracy Morgan, on life after his accident: “I have to ask myself, because of what I’ve been through, was I better th… https://t.co/vkhFI4k8WE",21,@NYTimes
0.0,Sat Mar 17 07:15:21 +0000 2018,0.0,1.0,0.0,"Why the tax law might make your car payments go up
https://t.co/WwH0YWqhXN",22,@NYTimes
0.4588,Sat Mar 17 06:58:13 +0000 2018,0.204,0.395,0.401,The Workologist: When a Good Friend Becomes a Terrible Colleague https://t.co/XXK0HbA0sx,23,@NYTimes
0.0,Sat Mar 17 06:49:28 +0000 2018,0.0,1.0,0.0,"Those who can’t afford coal often burn garbage, adding plastics and other pollutants into the soupy mix https://t.co/QjAiAIgTxS",24,@NYTimes
-0.6597,Sat Mar 17 06:33:20 +0000 2018,0.39,0.61,0.0,On College Basketball: Virginia Loses in a Way No One Will Ever Forget https://t.co/sJ2u6OoAjU,25,@NYTimes
0.0,Sat Mar 17 06:24:15 +0000 2018,0.0,1.0,0.0,A brief history of Stephen Hawking https://t.co/Dl9Hiu284Y,26,@NYTimes
0.0,Sat Mar 17 06:03:02 +0000 2018,0.0,1.0,0.0,"Since 1851, obituaries in The New York Times have been dominated by white men. Now, we're adding the stories of mor… https://t.co/5vsFyE4FbM",27,@NYTimes
0.0,Sat Mar 17 05:38:49 +0000 2018,0.0,1.0,0.0,"When Qatari royals were captured falcon hunting in Iraq, they were used as pawns in a multiplayer chess match that… https://t.co/iXQoX5tEpy",28,@NYTimes
-0.5106,Sat Mar 17 05:23:15 +0000 2018,0.193,0.807,0.0,Toys “R” Us went from planning a turnaround to collapsing. The brand’s downfall shows the risks of private equity i… https://t.co/OsmbyquW64,29,@NYTimes
0.6808,Sat Mar 17 05:06:52 +0000 2018,0.0,0.752,0.248,"When wolves were reintroduced at Yellowstone and in Idaho, it created many positive ripple effects. That could hold… https://t.co/jsAgCnSqOA",30,@NYTimes
0.0,Sat Mar 17 04:50:32 +0000 2018,0.0,1.0,0.0,U.K.’s First Polar Bear Born in 25 Years to Get Star Treatment https://t.co/0SoD91Xxsb,31,@NYTimes
-0.6876,Sat Mar 17 04:41:03 +0000 2018,0.256,0.659,0.085,"RT @NYTNational: Deandre Harris, a black man who was brutally attacked during last year’s rally in Charlottesville, was found not guilty of…",32,@NYTimes
0.296,Sat Mar 17 04:14:28 +0000 2018,0.121,0.701,0.178,RT @jcrutchmer: saturday's late @nytsports print editions off of UMBC's win over virginia: the ultimate upset. https://t.co/rWVDkft5W8,33,@NYTimes
0.0,Sat Mar 17 04:09:41 +0000 2018,0.0,1.0,0.0,How Trump Can Make the Most of the Summit of the Americas https://t.co/1s8j4IVddV,34,@NYTimes
0.8271,Sat Mar 17 04:06:06 +0000 2018,0.0,0.58,0.42,"“I like to photograph things that give me joy, because there’s certainly enough heartache” https://t.co/smC1cqYWKX",35,@NYTimes
0.3164,Sat Mar 17 03:49:30 +0000 2018,0.0,0.84,0.16,"RT @NYTSports: ""We did it. We did it. It's a dream come true!"" https://t.co/2pP4clHjLw",36,@NYTimes
0.4939,Sat Mar 17 03:47:04 +0000 2018,0.0,0.792,0.208,"In the age of Amazon and e-books, independent booksellers, like Shakespeare and Company, are actually returning to… https://t.co/Vr6ceXwhla",37,@NYTimes
-0.5267,Sat Mar 17 03:38:05 +0000 2018,0.206,0.794,0.0,University of Maryland-Baltimore County has become the first No. 16 seed to beat a No. 1 seed. Virginia will always… https://t.co/p74AvmCFDj,38,@NYTimes
-0.2023,Sat Mar 17 03:32:02 +0000 2018,0.167,0.833,0.0,5 doctors are charged with taking kickbacks for fentanyl prescriptions https://t.co/5cUp9jSMj6,39,@NYTimes
-0.296,Sat Mar 17 03:17:02 +0000 2018,0.136,0.864,0.0,RT @nytgraphics: All the major firings and resignations in the Trump administration — so far. https://t.co/yOiUwbJLp9,40,@NYTimes
-0.1027,Sat Mar 17 03:07:17 +0000 2018,0.105,0.81,0.086,Top seed Virginia is on the ropes against No. 16-seed UMBC in the men’s NCAA tournament. Live updates: https://t.co/g388pFfs7B,41,@NYTimes
-0.128,Sat Mar 17 03:02:06 +0000 2018,0.177,0.664,0.159,Teachers in Jersey City went on strike after they and the school district failed to reach an agreement over the cos… https://t.co/wppEY8MeRe,42,@NYTimes
0.5719,Sat Mar 17 02:47:03 +0000 2018,0.087,0.684,0.228,"It was probably the first ghost story in Indian cinema. The movie, “Mahal,” was a huge success, making the lead act… https://t.co/SDl67AV5Jo",43,@NYTimes
-0.3818,Sat Mar 17 02:33:05 +0000 2018,0.157,0.843,0.0,"RT @jimrutenberg: Trump joins the fight against Stormy Daniels in federal court, w/@maggieNYT @adamliptak  https://t.co/Afo7bdWenZ",44,@NYTimes
-0.5719,Sat Mar 17 02:22:00 +0000 2018,0.156,0.844,0.0,"In an interview, Andrew McCabe was blunt. “The idea that I was dishonest is just wrong,” he said, adding, “This is… https://t.co/6aojClfS1j",45,@NYTimes
-0.743,Sat Mar 17 02:10:16 +0000 2018,0.249,0.751,0.0,"Breaking News: Andrew McCabe has been fired. President Trump had heaped scorn on the ex-FBI deputy, who was set to… https://t.co/hIE0sA8fZo",46,@NYTimes
-0.886,Sat Mar 17 02:06:01 +0000 2018,0.321,0.679,0.0,RT @amyfiscus: NEW: McCabe fired: “The idea that I was dishonest is just wrong. This is part of an effort to discredit me as a witness” in…,47,@NYTimes
0.0,Sat Mar 17 01:55:04 +0000 2018,0.0,1.0,0.0,Breaking News: President Trump's lawyers say in court papers that Stormy Daniels could be liable for $20 million in… https://t.co/NHDz1VVz60,48,@NYTimes
0.0772,Sat Mar 17 01:47:04 +0000 2018,0.0,0.929,0.071,"The number of homeless students in New York City public schools climbed to 111,500 last school year https://t.co/84SJPhNbcI",49,@NYTimes
-0.5994,Sat Mar 17 01:32:05 +0000 2018,0.311,0.546,0.143,"Modern Love: He was struggling with an obscure neurological illness. Before he died in January, she was his world. https://t.co/eP3rcFEqco",50,@NYTimes
0.6808,Sat Mar 17 01:17:05 +0000 2018,0.0,0.772,0.228,RT @lindsaycrouse: A doctor that once ran 3 marathons in 3 countries in 3 weekends straight — and won or medaled in all of them. Reporting…,51,@NYTimes
0.0,Sat Mar 17 01:04:10 +0000 2018,0.0,1.0,0.0,Breaking News: Cracks on a new pedestrian bridge near Miami were reported on a voicemail 2 days before the walkway… https://t.co/hjZUEmgn7n,52,@NYTimes
0.0,Sat Mar 17 01:02:03 +0000 2018,0.0,1.0,0.0,Evening Briefing: Here's what you need to know at the end of the day https://t.co/6VtS6PJ0KX,53,@NYTimes
0.0,Sat Mar 17 00:47:04 +0000 2018,0.0,1.0,0.0,Cooper Union reverses course and says it will be tuition-free once again. But it may take a while. A new plan gives… https://t.co/4lpL9INlBy,54,@NYTimes
-0.7717,Sat Mar 17 00:32:06 +0000 2018,0.427,0.573,0.0,Fatal collapse: A look at how the Florida bridge was built https://t.co/XS8gsX1m7C,55,@NYTimes
0.0,Sat Mar 17 00:17:04 +0000 2018,0.0,1.0,0.0,RT @TheSteinLine: For Sports Saturday in the @nytimes: Taking stock of a season in San Antonio unlike any other in Pop Era for the Spurs —&gt;…,56,@NYTimes
-0.1263,Sat Mar 17 00:02:06 +0000 2018,0.113,0.795,0.092,"""I have trouble settling down, and he's got very rhythmic breathing,” said a woman of her dog. ""It's almost like wh… https://t.co/3PV3exSpSt",57,@NYTimes
0.0,Fri Mar 16 23:47:02 +0000 2018,0.0,1.0,0.0,"With new tariffs expected to take effect next week, lobbyists are storming Washington to press for exemptions that… https://t.co/77Oyc9DwIy",58,@NYTimes
0.6808,Fri Mar 16 23:32:02 +0000 2018,0.0,0.752,0.248,"When wolves were reintroduced at Yellowstone and in Idaho, it created many positive ripple effects. That could hold… https://t.co/oqlOEjFgG4",59,@NYTimes
0.4019,Fri Mar 16 23:17:03 +0000 2018,0.0,0.812,0.188,RT @porterthereport: Canada accepted fewer than 1200 Yazidi refugees. They are challenging the country’s hands-off settlement system becaus…,60,@NYTimes
0.0,Fri Mar 16 23:06:06 +0000 2018,0.0,1.0,0.0,"How to spend 36 hours in Oaxaca, Mexico https://t.co/v5dZD8yikT",61,@NYTimes
0.0,Fri Mar 16 22:53:01 +0000 2018,0.0,1.0,0.0,"When it comes to Russian meddling, President Trump has taken a far softer stand than his own administration. Here's… https://t.co/uDGQLNwKvh",62,@NYTimes
0.0,Fri Mar 16 22:47:05 +0000 2018,0.0,1.0,0.0,Evening Briefing: Here's what you need to know at the end of the day https://t.co/UcEPdmD5nP,63,@NYTimes
0.6369,Fri Mar 16 22:31:06 +0000 2018,0.0,0.766,0.234,"""How am I supposed to find a life partner if I can’t even find many men who treat women like equals?"" https://t.co/aTklTX0dFa",64,@NYTimes
0.0,Fri Mar 16 22:17:03 +0000 2018,0.0,1.0,0.0,"Why the tax law might make your car payments go up
https://t.co/xHTHUvPJnH",65,@NYTimes
-0.743,Fri Mar 16 22:03:04 +0000 2018,0.267,0.733,0.0,"RT @Neil_Irwin: Trump keeps ignoring trade in services, focusing only on the trade deficit in physical goods. This misses a lot about the p…",66,@NYTimes
0.0,Fri Mar 16 21:51:02 +0000 2018,0.0,1.0,0.0,Billie Piper may be a household name on the British stage. Now she's coming to New York. https://t.co/gwpLcdPAIN,67,@NYTimes
0.6369,Fri Mar 16 21:35:07 +0000 2018,0.0,0.802,0.198,"This soda bread is is best eaten still steaming from the oven, slathered with salted Irish butter… https://t.co/1LpaTzJVwF",68,@NYTimes
-0.5719,Fri Mar 16 21:20:02 +0000 2018,0.217,0.783,0.0,"The ghost of Angelina Jolie past hangs over the new, suitably titled “Tomb Raider,” a dreary, inept reboot starring… https://t.co/FPmNyszSa5",69,@NYTimes
0.465,Fri Mar 16 21:05:04 +0000 2018,0.102,0.672,0.226,"Despite a celebrated refugee settlement system, nothing has prepared Canada for the Yazidis https://t.co/TZ1tEql5aA",70,@NYTimes
0.0,Fri Mar 16 20:50:06 +0000 2018,0.0,1.0,0.0,"“She was an angel. She wanted to become a lawyer, and she was so beautiful,"" said Orlando Duran. He believes his da… https://t.co/tPW5mIly8A",71,@NYTimes
-0.802,Fri Mar 16 20:35:08 +0000 2018,0.31,0.69,0.0,All “doors-off” helicopter flights have been halted in the U.S. while regulators investigate a crash that killed 5… https://t.co/w5SMAVtZyO,72,@NYTimes
0.0,Fri Mar 16 20:20:07 +0000 2018,0.0,1.0,0.0,"Nearly 3 in 4 teachers oppose letting staff carry guns in school, a new poll finds https://t.co/Xc0SdQ3imc",73,@NYTimes
0.3612,Fri Mar 16 20:05:03 +0000 2018,0.0,0.878,0.122,"“Stealing an instrument in New Orleans is like removing a statue from a church,” said Ben Jaffe, a musician whose 3… https://t.co/X2LuSQaceb",74,@NYTimes
-0.2023,Fri Mar 16 19:50:05 +0000 2018,0.091,0.909,0.0,One NYT reader's reaction to South Africa's former president Jacob Zuma being charged with corruption related to an… https://t.co/CGEcwufePO,75,@NYTimes
-0.5574,Fri Mar 16 19:35:05 +0000 2018,0.153,0.847,0.0,"After Trump fired Rex Tillerson in a tweet, we asked experts to discuss the history of the secretary of state, once… https://t.co/0SfoZ0zVpy",76,@NYTimes
0.5371,Fri Mar 16 19:20:10 +0000 2018,0.106,0.603,0.291,The price French bulldogs pay for being so cute https://t.co/PG6pPSUKL6,77,@NYTimes
0.2263,Fri Mar 16 19:05:04 +0000 2018,0.0,0.924,0.076,NASA had to set the record straight: Mark Kelly and Scott Kelly are just as much twins as they were before Scott we… https://t.co/kLfTdpQlnx,78,@NYTimes
-0.4588,Fri Mar 16 18:55:07 +0000 2018,0.218,0.704,0.077,"Where President Trump goes wrong on trade, and why it matters https://t.co/G1X6DBG0td",79,@NYTimes
0.0,Fri Mar 16 18:45:09 +0000 2018,0.0,1.0,0.0,Ben Carson and David Shulkin remain in their cabinet posts despite speculation that they would be replaced because… https://t.co/fXIlqoNBTk,80,@NYTimes
-0.5994,Fri Mar 16 18:35:04 +0000 2018,0.311,0.546,0.143,"Modern Love: He was struggling with an obscure neurological illness. Before he died in January, she was his world. https://t.co/x6Re17Emfa",81,@NYTimes
0.0,Fri Mar 16 18:29:13 +0000 2018,0.0,1.0,0.0,"When Sheryl Sandberg’s book published 5 years ago this month, it became a cultural phenomenon. But what is its actu… https://t.co/ztY46OSsq7",82,@NYTimes
0.0,Fri Mar 16 18:20:05 +0000 2018,0.0,1.0,0.0,"In @NYTOpinion 

Wuilly Arteaga, an exiled violinist-activist, tells his story of Venezuela's oppression https://t.co/Pj5EvKeNji",83,@NYTimes
0.0,Fri Mar 16 18:05:05 +0000 2018,0.0,1.0,0.0,"When Sheryl Sandberg’s book published 5 years ago this month, it became a cultural phenomenon. But what is it's act… https://t.co/VpVmBKwS7e",84,@NYTimes
0.6369,Fri Mar 16 17:50:04 +0000 2018,0.0,0.776,0.224,It’s a bold plan to wean Californians from their cars: promote denser housing near transit. So why are some environ… https://t.co/B8IupZQLg5,85,@NYTimes
0.0,Fri Mar 16 17:35:05 +0000 2018,0.0,1.0,0.0,"In @NYTOpinion 

Op-Ed Columnist @DouthatNYT writes, ""The papal plan for a truce is either ingenious or deceptive,… https://t.co/wb51yz7PQS",86,@NYTimes
-0.5423,Fri Mar 16 17:20:07 +0000 2018,0.2,0.8,0.0,Readers wrote in with their accounts of workplace sexual harassment. Experts offered their advice. https://t.co/ColJHiLWyr,87,@NYTimes
0.0,Fri Mar 16 17:05:07 +0000 2018,0.0,1.0,0.0,"The Bollywood legend, Madhubala has been compared to Marilyn Monroe: the smoldering looks, the short but prolific c… https://t.co/kzmzYgqYCV",88,@NYTimes
0.0,Fri Mar 16 16:50:06 +0000 2018,0.0,1.0,0.0,A study confirms what news reports have suggested: Trump’s campaign rallies were associated with a rise in violence… https://t.co/vFhsK1XEzI,89,@NYTimes
-0.2732,Fri Mar 16 16:35:06 +0000 2018,0.147,0.761,0.091,Is your NCAA bracket still intact? Here's what you can expect on Day 2 of March Madness. https://t.co/qRJz5FmT5m,90,@NYTimes
-0.3818,Fri Mar 16 16:20:07 +0000 2018,0.115,0.885,0.0,"We visit the Kafkaesque Office of Administrative Trials and Hearings — or, more simply, the place you go to fight a… https://t.co/ZR34fTJZbZ",91,@NYTimes
0.0,Fri Mar 16 16:05:07 +0000 2018,0.0,1.0,0.0,"Our recap of the latest episode of ""Atlanta"" https://t.co/ad28WxZOf0",92,@NYTimes
0.0,Fri Mar 16 15:50:08 +0000 2018,0.0,1.0,0.0,How to learn about Quebec's identity? Have a meal there. https://t.co/OpH25ZfUwn,93,@NYTimes
0.0,Fri Mar 16 15:35:04 +0000 2018,0.0,1.0,0.0,Trump's new chief economic adviser is known for his provocative punditry. Here are 6 of Larry Kudlow's not-so-on-th… https://t.co/DMXw4jkETp,94,@NYTimes
-0.3818,Fri Mar 16 15:25:07 +0000 2018,0.11,0.89,0.0,"RT @NYTSports: Catch up on last night's NCAA tournament action, including the first major upset. The Bulls practically ran the Wildcats out…",95,@NYTimes
0.4767,Fri Mar 16 15:15:09 +0000 2018,0.0,0.819,0.181,The prompt: “Draw an effective leader.” Both men and women almost always drew men. https://t.co/ymuGRpqhXG,96,@NYTimes
0.0,Fri Mar 16 15:05:00 +0000 2018,0.0,1.0,0.0,"Since 1851, obituaries in The New York Times have been dominated by white men. Now, we're including the stories of… https://t.co/TITtPpjRTO",97,@NYTimes
-0.6597,Fri Mar 16 14:55:07 +0000 2018,0.256,0.659,0.085,Snapchat shares fell 4% after Rihanna criticized an ad for making light of domestic violence. The ad asked whether… https://t.co/YYvtfHMdhb,98,@NYTimes
-0.3612,Fri Mar 16 14:45:00 +0000 2018,0.111,0.889,0.0,"“Somebody must show that the Afro-American race is more sinned against than sinning, and it seems to have fallen up… https://t.co/mXfkZQMC1J",99,@NYTimes
